Run,missing_rate,retain_missing60
SRR12425370,0.461522589266414,TRUE
SRR12425371,0.430532356004481,TRUE
SRR12425372,0.404607267081966,TRUE
SRR12425373,0.475514374987718,TRUE
SRR12425374,0.925801285200542,FALSE
SRR12425375,0.434398765893057,TRUE
SRR12425376,0.417164501739148,TRUE
SRR12425377,0.987663843417769,FALSE
SRR12425378,0.399463517204787,TRUE
SRR12425379,0.428586868944917,TRUE
SRR12425380,0.409387466347004,TRUE
SRR12425381,0.911878279324778,FALSE
SRR12425382,0.44791400554169,TRUE
SRR12425383,0.402268752333602,TRUE
SRR12425384,0.412050228938629,TRUE
SRR12425385,0.573019631733056,TRUE
SRR12425386,0.567664629473146,TRUE
SRR12425387,0.445678660561637,TRUE
SRR12425388,0.422205081848016,TRUE
SRR12425389,0.40137461434158,TRUE
SRR12425390,0.45924302867137,TRUE
SRR12425391,0.44764379900564,TRUE
SRR12425392,0.448454418613791,TRUE
SRR12425393,0.443232063198852,TRUE
SRR12425394,0.422411421384637,TRUE
SRR12425395,0.443153457661092,TRUE
SRR12425396,0.424799064594101,TRUE
SRR12425397,0.43014424116179,TRUE
SRR12425398,0.470596616031599,TRUE
SRR12425399,0.44739815670014,TRUE
SRR12425400,0.451505296048107,TRUE
SRR12425401,0.427127753650245,TRUE
SRR12425402,0.426793680114764,TRUE
SRR12425403,0.464696287853479,TRUE
SRR12425404,0.442804645587282,TRUE
SRR12425405,0.472507713168393,TRUE
SRR12425406,0.401541651109321,TRUE
SRR12425407,0.403207105940614,TRUE
SRR12425408,0.439655511230766,TRUE
SRR12425409,0.461674887495824,TRUE
SRR12425410,0.440333483993947,TRUE
SRR12425411,0.47644781574862,TRUE
SRR12425412,0.435037435887358,TRUE
SRR12425413,0.467098669601273,TRUE
SRR12425414,0.445840784483267,TRUE
SRR12425415,0.421364985163205,TRUE
SRR12425416,0.409873838111895,TRUE
SRR12425417,0.467408178906204,TRUE
SRR12425418,0.416702694204807,TRUE
SRR12425419,0.440795291528288,TRUE
SRR12425420,0.402126279796412,TRUE
SRR12425421,0.423418554837188,TRUE
SRR12425422,0.396938314304243,TRUE
SRR12425423,0.454536522097982,TRUE
SRR12425424,0.4126250319335,TRUE
SRR12425425,0.394673492247529,TRUE
SRR12425426,0.423713325603789,TRUE
SRR12425427,0.396628804999312,TRUE
SRR12425428,0.403772083243265,TRUE
SRR12425429,0.421281466779335,TRUE
SRR12425430,0.428228231178887,TRUE
SRR12425431,0.409151649733724,TRUE
SRR12425432,0.414290486764793,TRUE
SRR12425433,0.406336588912689,TRUE
SRR12425434,0.399522471358107,TRUE
SRR12425435,0.431234892998212,TRUE
SRR12425436,0.45332796195492,TRUE
SRR12425437,0.400500127733999,TRUE
SRR12425438,0.415985418672746,TRUE
SRR12425439,0.387957631615147,TRUE
SRR12425440,0.450807671900485,TRUE
SRR12425441,0.437862322400613,TRUE
SRR12425442,0.402504568946882,TRUE
SRR12425443,0.454816554326252,TRUE
SRR12425444,0.480992198400377,TRUE
SRR12425445,0.455926857547114,TRUE
SRR12425446,0.412010926169749,TRUE
SRR12425447,0.422548981075717,TRUE
SRR12425448,0.405358932536797,TRUE
SRR12425449,0.392678876726865,TRUE
SRR12425450,0.425187179436791,TRUE
SRR12425451,0.617554581720282,FALSE
SRR12425452,0.454624953327962,TRUE
SRR12425453,0.425069271130151,TRUE
SRR12425454,0.418284630652229,TRUE
SRR12425455,0.454261402715821,TRUE
SRR12425456,0.431681961994222,TRUE
SRR12425457,0.466715467604693,TRUE
SRR12425458,0.469078546583607,TRUE
SRR12425459,0.429333621553638,TRUE
SRR12425460,0.378898343388292,TRUE
SRR12425461,0.416098414133276,TRUE
SRR12425462,0.369328119165995,TRUE
SRR12425463,0.414762119991353,TRUE
SRR12425464,0.492011712225126,TRUE
SRR12425465,0.963035745868296,FALSE
SRR12425466,0.955720518010494,FALSE
SRR12425467,0.398274608446165,TRUE
SRR12425468,0.983409318686502,FALSE
SRR12425469,0.980397744021066,FALSE
SRR12425470,0.405614400534518,TRUE
SRR12425471,0.407864484052902,TRUE
SRR12425472,0.433755183052646,TRUE
SRR12425473,0.400563994733429,TRUE
SRR12425474,0.393848134101047,TRUE
SRR12425475,0.388773164069409,TRUE
SRR12425476,0.402145931180852,TRUE
SRR12425477,0.394103602098768,TRUE
SRR12425478,0.384115785957121,TRUE
SRR12425479,0.944352192111934,FALSE
SRR12425480,0.926842808575864,FALSE
SRR12425481,0.390389490439601,TRUE
SRR12425482,0.414423133609763,TRUE
SRR12425483,0.475140998683357,TRUE
SRR12425484,0.932757875292314,FALSE
SRR12425485,0.905604574842298,FALSE
SRR12425486,0.869121779629375,FALSE
SRR12425487,0.913809027846012,FALSE
SRR12425488,0.739407903786822,FALSE
SRR12425489,0.903821211704365,FALSE
SRR12425490,0.795114665828208,FALSE
SRR12425491,0.828772574527875,FALSE
SRR12425492,0.421571324699825,TRUE
SRR12425493,0.850266276259162,FALSE
SRR12425494,0.43632951441429,TRUE
SRR12425495,0.929633305166349,FALSE
SRR12425496,0.944420971957474,FALSE
SRR12425497,0.965713246998251,FALSE
SRR12425498,0.933062471751135,FALSE
SRR12425499,0.987850531569949,FALSE
SRR12425500,0.984814392673964,FALSE
SRR12425501,0.390561440053452,TRUE
SRR12425502,0.73245622654116,FALSE
SRR12425503,0.921202861241574,FALSE
SRR12425504,0.427393047340185,TRUE
SRR12425505,0.537676616817655,TRUE
SRR12425506,0.432605577062904,TRUE
SRR12425507,0.421281466779335,TRUE
SRR12425508,0.410463379645096,TRUE
SRR12425509,0.40119775188162,TRUE
SRR12425510,0.455966160315994,TRUE
SRR12425511,0.39556763023955,TRUE
SRR12425512,0.460235423585592,TRUE
SRR12425513,0.399905673354688,TRUE
SRR12425514,0.444514316033565,TRUE
SRR12425515,0.990960363157584,FALSE
SRR12425516,0.417650873504038,TRUE
SRR12425517,0.96521213669503,FALSE
SRR12425518,0.956973293768546,FALSE
SRR12425519,0.978005187965492,FALSE
SRR12425520,0.457656179377837,TRUE
SRR12425521,0.416093501287166,TRUE
SRR12425522,0.448213689154401,TRUE
SRR12425523,0.417896515809539,TRUE
SRR12425524,0.414599996069723,TRUE
SRR12425525,0.469564918348498,TRUE
SRR12425526,0.473514846620945,TRUE
SRR12425527,0.437773891170633,TRUE
SRR12425528,0.969338927427437,FALSE
SRR12425529,0.409633108652505,TRUE
SRR12425530,0.952930021420009,FALSE
SRR12425531,0.641052724664453,FALSE
SRR12425532,0.437926189400043,TRUE
SRR12425533,0.399257177668167,TRUE
SRR12425534,0.433986086819816,TRUE
SRR12425535,0.420416805863973,TRUE
SRR12425536,0.452954585650559,TRUE
SRR12425537,0.440195924302867,TRUE
SRR12425538,0.409161475425944,TRUE
SRR12425539,0.416825515357557,TRUE
SRR12425540,0.42450920667361,TRUE
