old_label,new_label,Organism,geo_loc_name,haplotype,isolate,Sample Name
SRR12425370,"Broussonetia papyrifera | China: Liancheng, Longyan, Fujian Province | cp21 | SRR12425370",Broussonetia papyrifera,"China: Liancheng, Longyan, Fujian Province",cp21,KFC1726-3,KFC1726_3_Fujian_Longyan_cp21
SRR12425371,"Broussonetia papyrifera | China: Liancheng, Longyan, Fujian Province | cp01 | SRR12425371",Broussonetia papyrifera,"China: Liancheng, Longyan, Fujian Province",cp01,KFC1726-4,KFC1726_4_Fujian_Longyan_cp01
SRR12425481,"Broussonetia papyrifera | China: Yangshan, Qingyuan, Guangdong Province | cp31 | SRR12425481",Broussonetia papyrifera,"China: Yangshan, Qingyuan, Guangdong Province",cp31,KFC1838,KFC1838_Guangdong_Qingyuan_cp31
SRR12425372,"Broussonetia papyrifera | Taiwan: Guanshan Township, Taitung County | cp17 | SRR12425372",Broussonetia papyrifera,"Taiwan: Guanshan Township, Taitung County",cp17,Liu74-1,N74_1_Taiwan_Taitung_cp17
SRR12425538,"Broussonetia papyrifera | Taiwan: Guanshan Township, Taitung County | CloseTocp05 | SRR12425538",Broussonetia papyrifera,"Taiwan: Guanshan Township, Taitung County",CloseTocp05,TGS02-2,TGS02_2_Taiwan_Taitung_CloseTocp05
SRR12425380,"Broussonetia papyrifera | Taiwan: Taitung City, Taitung County | cp05 | SRR12425380",Broussonetia papyrifera,"Taiwan: Taitung City, Taitung County",cp05,TTD01-2,TTD01_2_Taiwan_Taitung_cp05
SRR12425384,"Broussonetia papyrifera | Taiwan: Luye Township, Taitung County | cp05 | SRR12425384",Broussonetia papyrifera,"Taiwan: Luye Township, Taitung County",cp05,Liu75-2,N75_2_Taiwan_Taitung_cp05
SRR12425456,"Broussonetia papyrifera | Taiwan: Taitung City, Taitung County | cp16 | SRR12425456",Broussonetia papyrifera,"Taiwan: Taitung City, Taitung County",cp16,TTD01-1,TTD01_1_Taiwan_Taitung_cp16
SRR12425422,"Broussonetia papyrifera | Taiwan: Fuli Township, Hualien County | cp05 | SRR12425422",Broussonetia papyrifera,"Taiwan: Fuli Township, Hualien County",cp05,KFC3104-1,KFC3104_1_Taiwan_Hualien_cp05
SRR12425461,"Broussonetia papyrifera | Taiwan: Hongtou, Lanyu Township, Taitung County | cp16 | SRR12425461",Broussonetia papyrifera,"Taiwan: Hongtou, Lanyu Township, Taitung County",cp16,LYH91,LYH91_Taiwan_Taitung_Lanyu_cp16
SRR12425455,"Broussonetia papyrifera | Taiwan: Chenggong Township, Taitung County | cp16 | SRR12425455",Broussonetia papyrifera,"Taiwan: Chenggong Township, Taitung County",cp16,TCK01-1,TCK01_1_Taiwan_Taitung_cp16
SRR12425383,"Broussonetia papyrifera | Taiwan: Hualien County, Hualien County | cp05 | SRR12425383",Broussonetia papyrifera,"Taiwan: Hualien County, Hualien County",cp05,Liu66-3,O66_3_Taiwan_Hualien_cp05
SRR12425501,"Broussonetia papyrifera | Taiwan: Hualien County, Hualien County | cp06 | SRR12425501",Broussonetia papyrifera,"Taiwan: Hualien County, Hualien County",cp06,Liu66-1,O66_1_Taiwan_Hualien_cp06
SRR12425420,"Broussonetia papyrifera | Taiwan: Fenglin Township, Hualien County | cp52 | SRR12425420",Broussonetia papyrifera,"Taiwan: Fenglin Township, Hualien County",cp52,KFC3054-1,KFC3054_1_Taiwan_Hualien_cp52
SRR12425421,"Broussonetia papyrifera | Taiwan: Fenglin Township, Hualien County | cp06 | SRR12425421",Broussonetia papyrifera,"Taiwan: Fenglin Township, Hualien County",cp06,KFC3051-1,KFC3051_1_Taiwan_Hualien_cp06
SRR12425391,"Broussonetia papyrifera | Taiwan: Changbin Township, Taitung County | cp05 | SRR12425391",Broussonetia papyrifera,"Taiwan: Changbin Township, Taitung County",cp05,TCB01-1,TCB01_1_Taiwan_Taitung_cp05
SRR12425423,"Broussonetia papyrifera | Taiwan: Fuli Township, Hualien County | cp05 | SRR12425423",Broussonetia papyrifera,"Taiwan: Fuli Township, Hualien County",cp05,KFC3064-1,KFC3064_1_Taiwan_Hualien_cp05
SRR12425425,"Broussonetia papyrifera | Taiwan: Fengbin Township, Hualien County | cp01 | SRR12425425",Broussonetia papyrifera,"Taiwan: Fengbin Township, Hualien County",cp01,KFC3058-1,KFC3058_1_Taiwan_Hualien_cp01
SRR12425373,"Broussonetia papyrifera | Taiwan: Fangshan Township, Pingtung County | cp17 | SRR12425373",Broussonetia papyrifera,"Taiwan: Fangshan Township, Pingtung County",cp17,Liu81-4,M81_4_Taiwan_Pingtung_cp17
SRR12425452,"Broussonetia papyrifera | Taiwan: Fangshan Township, Pingtung County | cp17 | SRR12425452",Broussonetia papyrifera,"Taiwan: Fangshan Township, Pingtung County",cp17,PFS01-1,PFS01_1_Taiwan_Pingtung_cp17
SRR12425376,"Broussonetia papyrifera | Taiwan: Yanpu Township, Pingtung County | cp16 | SRR12425376",Broussonetia papyrifera,"Taiwan: Yanpu Township, Pingtung County",cp16,Liu111-5,M111_5_Taiwan_Pingtung_cp16
SRR12425472,"Broussonetia papyrifera | Taiwan: Fangliao Township, Pingtung County | cp13 | SRR12425472",Broussonetia papyrifera,"Taiwan: Fangliao Township, Pingtung County",cp13,PFL01-1,PFL01_1_Taiwan_Pingtung_cp13
SRR12425459,"Broussonetia papyrifera | Taiwan: Liukuaicuo, Pingtung City, Pingtung County | cp16 | SRR12425459",Broussonetia papyrifera,"Taiwan: Liukuaicuo, Pingtung City, Pingtung County",cp16,PLG02-1,PLG02_1_Taiwan_Pingtung_cp16
SRR12425378,"Broussonetia papyrifera | Taiwan: Taibao Township, Chiayi County | cp11 | SRR12425378",Broussonetia papyrifera,"Taiwan: Taibao Township, Chiayi County",cp11,SongL-1,SongL_1_Taiwan_Chiayi_cp11
SRR12425417,"Broussonetia papyrifera | Taiwan: Zuozhen District, Tainan City | cp16 | SRR12425417",Broussonetia papyrifera,"Taiwan: Zuozhen District, Tainan City",cp16,LYH81,LYH81_Taiwan_Tainan_cp16
SRR12425447,"Broussonetia papyrifera | Taiwan: Nanhua District, Tainan City | cp54 | SRR12425447",Broussonetia papyrifera,"Taiwan: Nanhua District, Tainan City",cp54,NNH01-1,NNH01_1_Taiwan_Tainan_cp54
SRR12425435,"Broussonetia papyrifera | Taiwan: Nantou City, Nantou County | cp01 | SRR12425435",Broussonetia papyrifera,"Taiwan: Nantou City, Nantou County",cp01,KCF3437-1,KCF3437_1_Taiwan_Nantou_cp01
SRR12425494,"Broussonetia papyrifera | Taiwan: Yujing District, Tainan City | cp09 | SRR12425494",Broussonetia papyrifera,"Taiwan: Yujing District, Tainan City",cp09,NYJ01-1,NYJ01_1_Taiwan_Tainan_cp09
SRR12425402,"Broussonetia papyrifera | Taiwan: Bali District, Taipei City | CloseTocp01 | SRR12425402",Broussonetia papyrifera,"Taiwan: Bali District, Taipei City",CloseTocp01,KFC3417-1,KFC3417_1_Taiwan_Taipei_CloseTocp01
SRR12425540,"Broussonetia papyrifera | Taiwan: National Taiwan University, Zhongzheng, Taipei City | cp01 | SRR12425540",Broussonetia papyrifera,"Taiwan: National Taiwan University, Zhongzheng, Taipei City",cp01,NTU01-3,NTU01_3_Taiwan_Taipei_cp01
SRR12425539,"Broussonetia papyrifera | Taiwan: Hsinwu District, Taoyuan City | cp01 | SRR12425539",Broussonetia papyrifera,"Taiwan: Hsinwu District, Taoyuan City",cp01,KFC3423-1,KFC3423_1_Taiwan_Taoyuan_cp01
SRR12425462,"Broussonetia papyrifera | Taiwan: Luodong Township, Yilan County | cp01 | SRR12425462",Broussonetia papyrifera,"Taiwan: Luodong Township, Yilan County",cp01,KFC2668-3,KFC2668_3_Taiwan_Yilan_cp01
SRR12425446,"Broussonetia papyrifera | Taiwan: Zhunan Township, Miaoli County | cp01 | SRR12425446",Broussonetia papyrifera,"Taiwan: Zhunan Township, Miaoli County",cp01,KFC3431-1,KFC3431_1_Taiwan_Miaoli_cp01
SRR12425457,"Broussonetia papyrifera | Taiwan: Qionglin Township, Hsinchu County | cp01 | SRR12425457",Broussonetia papyrifera,"Taiwan: Qionglin Township, Hsinchu County",cp01,KFC3429-1,KFC3429_1_Taiwan_Hsinchu_cp01
SRR12425424,"Broussonetia papyrifera | Taiwan: Tongluo Township, Miaoli County | cp01 | SRR12425424",Broussonetia papyrifera,"Taiwan: Tongluo Township, Miaoli County",cp01,KFC3442-1,KFC3442_1_Taiwan_Miaoli_cp01
SRR12425527,"Broussonetia papyrifera | Taiwan: Qingshui District, Taichung City | cp09 | SRR12425527",Broussonetia papyrifera,"Taiwan: Qingshui District, Taichung City",cp09,KFC2379-1,KFC2379_1_Taiwan_Taichung_cp09
SRR12425413,"Broussonetia papyrifera | Taiwan: Fengyuan District, Taichung City | cp03 | SRR12425413",Broussonetia papyrifera,"Taiwan: Fengyuan District, Taichung City",cp03,KFC2376-1,KFC2376_1_Taiwan_Taichung_cp03
SRR12425448,"Broussonetia papyrifera | Taiwan: Hemei Township, Changhua County | cp50 | SRR12425448",Broussonetia papyrifera,"Taiwan: Hemei Township, Changhua County",cp50,KFC3435-1,KFC3435_1_Taiwan_Changhua_cp50
SRR12425379,"Broussonetia papyrifera | Taiwan: Ren'ai Township, Nantou County | cp09 | SRR12425379",Broussonetia papyrifera,"Taiwan: Ren'ai Township, Nantou County",cp09,Liu25-1,P25_1_Taiwan_Nantou_cp09
SRR12425458,"Broussonetia papyrifera | Taiwan: Yujing District, Tainan City | cp16 | SRR12425458",Broussonetia papyrifera,"Taiwan: Yujing District, Tainan City",cp16,NYJ02-1,NYJ02_1_Taiwan_Tainan_cp16
SRR12425418,"Broussonetia papyrifera | Taiwan: National Chiayi University, East District, Chiayi City, Chiayi County | cp09 | SRR12425418",Broussonetia papyrifera,"Taiwan: National Chiayi University, East District, Chiayi City, Chiayi County",cp09,SongNCYU-1,SongNCYU_1_Taiwan_Chiayi_cp09
SRR12425483,"Broussonetia papyrifera | Taiwan: Pitou Township, Changhua County | cp13 | SRR12425483",Broussonetia papyrifera,"Taiwan: Pitou Township, Changhua County",cp13,KFC3439-1,KFC3439_1_Taiwan_Changhua_cp13
SRR12425505,"Broussonetia papyrifera | Taiwan: Fangliao Township, Pingtung County | cp09 | SRR12425505",Broussonetia papyrifera,"Taiwan: Fangliao Township, Pingtung County",cp09,PFL01-2,PFL01_2_Taiwan_Pingtung_cp09
SRR12425516,"Broussonetia papyrifera | Taiwan: Pingtung City, Pingtung County | cp09 | SRR12425516",Broussonetia papyrifera,"Taiwan: Pingtung City, Pingtung County",cp09,PPC01-1,PPC01_1_Taiwan_Pingtung_cp09
SRR12425453,"Broussonetia papyrifera | Taiwan: Taiwu Township, Pingtung County | cp17 | SRR12425453",Broussonetia papyrifera,"Taiwan: Taiwu Township, Pingtung County",cp17,PTW03-1,PTW03_1_Taiwan_Pingtung_cp17
SRR12425454,"Broussonetia papyrifera | Taiwan: Liukuaicuo, Pingtung City, Pingtung County | cp17 | SRR12425454",Broussonetia papyrifera,"Taiwan: Liukuaicuo, Pingtung City, Pingtung County",cp17,PLB01-3,PLB01_3_Taiwan_Pingtung_cp17
SRR12425419,"Broussonetia papyrifera | Taiwan: Hengchun Township, Pingtung County | cp09 | SRR12425419",Broussonetia papyrifera,"Taiwan: Hengchun Township, Pingtung County",cp09,PHC01-2,PHC01_2_Taiwan_Pingtung_cp09
SRR12425450,"Broussonetia papyrifera | Taiwan: Fenggang Township, Pingtung County | cp17 | SRR12425450",Broussonetia papyrifera,"Taiwan: Fenggang Township, Pingtung County",cp17,PFK03-3,PFK03_3_Taiwan_Pingtung_cp17
SRR12425416,"Broussonetia papyrifera | Taiwan: Fenggang Township, Pingtung County | p17 | SRR12425416",Broussonetia papyrifera,"Taiwan: Fenggang Township, Pingtung County",p17,PFK02-2,PFK02_2_Taiwan_Pingtung_cp17
SRR12425375,"Broussonetia papyrifera | Taiwan: Dawu Township, Taitung County | cp16 | SRR12425375",Broussonetia papyrifera,"Taiwan: Dawu Township, Taitung County",cp16,Liu80-1,N80_1_Taiwan_Taitung_cp16
SRR12425449,"Broussonetia papyrifera | Taiwan: Manjhou Township, Pingtung County | cp17 | SRR12425449",Broussonetia papyrifera,"Taiwan: Manjhou Township, Pingtung County",cp17,PMJ04-1,PMJ04_1_Taiwan_Pingtung_cp17
SRR12425382,"Broussonetia papyrifera | Taiwan: Xincheng Township, Hualien County | cp06 | SRR12425382",Broussonetia papyrifera,"Taiwan: Xincheng Township, Hualien County",cp06,Liu36-5,O36_5_Taiwan_Hualien_cp06
SRR12425426,"Broussonetia papyrifera | Taiwan: Nan'ao Township, Yilan County | cp01 | SRR12425426",Broussonetia papyrifera,"Taiwan: Nan'ao Township, Yilan County",cp01,LYH63,LYH63_Taiwan_Yilan_cp01
SRR12425387,Broussonetia papyrifera | French Polynesia: Tahiti | cp17B | SRR12425387,Broussonetia papyrifera,French Polynesia: Tahiti,cp17B,BQUCH0435,BQUCH0435_Tahiti_cp17B
SRR12425506,"Broussonetia papyrifera | Chile: HangaOteo, Easter Island | cp17 | SRR12425506",Broussonetia papyrifera,"Chile: HangaOteo, Easter Island",cp17,BQUCH0226,BQUCH0226_RapaNui_HangaOteo_cp17
SRR12425504,"Broussonetia papyrifera | Chile: RanoKau, Easter Island | gaby003 | SRR12425504",Broussonetia papyrifera,"Chile: RanoKau, Easter Island",gaby003,BQUCH0221,BQUCH0221_RapaNui_RanoKau_gaby003
SRR12425390,"Broussonetia papyrifera | Fiji: Ekubo, Vatulele | cp17 | SRR12425390",Broussonetia papyrifera,"Fiji: Ekubo, Vatulele",cp17,LYH23-3,LYH23_3_Fiji_Vatulele_cp17
SRR12425392,"Broussonetia papyrifera | Tonga: Nuku'alofa, Tongatapu | cp17 | SRR12425392",Broussonetia papyrifera,"Tonga: Nuku'alofa, Tongatapu",cp17,LYH1,LYH1_Tonga_Tongatapu_cp17
SRR12425513,"Broussonetia papyrifera | Fiji: Suva, Vitilevu | cp17 | SRR12425513",Broussonetia papyrifera,"Fiji: Suva, Vitilevu",cp17,LYH18,LYH18_Fiji_Vitilevu_cp17
SRR12425523,"Broussonetia papyrifera | USA: Bishop Museum, Oahu, Hawaii | cp17 | SRR12425523",Broussonetia papyrifera,"USA: Bishop Museum, Oahu, Hawaii",cp17,BQUCH0164,BQUCH0164_Hawaii_Oahu_cp17
SRR12425460,"Broussonetia papyrifera | Tonga: Liahona, Tongatapu | cp17 | SRR12425460",Broussonetia papyrifera,"Tonga: Liahona, Tongatapu",cp17,LYH8-1,LYH8_1_Tonga_Tongatapu_cp17
SRR12425512,Broussonetia papyrifera | Fiji: VanuaLevu | cp17 | SRR12425512,Broussonetia papyrifera,Fiji: VanuaLevu,cp17,BQUCH0285,BQUCH0285_Fiji_VanuaLevu_cp17
SRR12425514,"Broussonetia papyrifera | Tonga: Mangia, Vava'u | cp17 | SRR12425514",Broussonetia papyrifera,"Tonga: Mangia, Vava'u",cp17,LYH13-3,LYH13_3_Tonga_Vavau_cp17
SRR12425463,"Broussonetia papyrifera | Indonesia: Lengkeka, Tengah, Sulawesi | cp17D | SRR12425463",Broussonetia papyrifera,"Indonesia: Lengkeka, Tengah, Sulawesi",cp17D,csc55-1,csc55_1_Indonesia_Sulawesi_cp17D
SRR12425509,Broussonetia papyrifera | French Polynesia: Tahiti | cp17 | SRR12425509,Broussonetia papyrifera,French Polynesia: Tahiti,cp17,BQUCH0433,BQUCH0433_Tahiti_cp17
SRR12425507,"Broussonetia papyrifera | French Polynesia: Ahurei, Rapa Iti | cp17 | SRR12425507",Broussonetia papyrifera,"French Polynesia: Ahurei, Rapa Iti",cp17,BQUCH0439,BQUCH0439_Rapa_cp17
SRR12425511,Broussonetia papyrifera | Fiji: Taveuni Island | cp17 | SRR12425511,Broussonetia papyrifera,Fiji: Taveuni Island,cp17,BQUCH0292,BQUCH0292_Fiji_TaveuniIsland_cp17
SRR12425388,"Broussonetia papyrifera | Samoa: Palauli Siapo demostration, Palauli, Savaii | cp17 | SRR12425388",Broussonetia papyrifera,"Samoa: Palauli Siapo demostration, Palauli, Savaii",cp17,LYH27,LYH27_Samoa_Savaii_cp17
SRR12425508,Broussonetia papyrifera | Wallis and Futuna: Wallis | cp17 | SRR12425508,Broussonetia papyrifera,Wallis and Futuna: Wallis,cp17,BQUCH0333,BQUCH0333_Wallis_cp17
SRR12425389,"Broussonetia papyrifera | Samoa: Faleolo International Airpor, Faleolo, Upolu | cp17 | SRR12425389",Broussonetia papyrifera,"Samoa: Faleolo International Airpor, Faleolo, Upolu",cp17,LYH26-2,LYH26_2_Samoa_Upolu_cp17
SRR12425475,"Broussonetia papyrifera | USA: Kohala, Lapakahi, Big Island, Hawaii | cp17 | SRR12425475",Broussonetia papyrifera,"USA: Kohala, Lapakahi, Big Island, Hawaii",cp17,BQUCH0179,BQUCH0179_Hawaii_BigIsland_cp17
SRR12425510,Broussonetia papyrifera | Fiji: Taveuni Island | cp17B | SRR12425510,Broussonetia papyrifera,Fiji: Taveuni Island,cp17B,BQUCH0296,BQUCH0296_Fiji_TaveuniIsland_cp17B
SRR12425470,"Broussonetia papyrifera | Japan: Kurima, Miyakojima, Okinawa | cp05B | SRR12425470",Broussonetia papyrifera,"Japan: Kurima, Miyakojima, Okinawa",cp05B,Nakamura12910,Nakamura12910_Japan_Okinawa_KurimaIsland_cp05B
SRR12425471,"Broussonetia papyrifera | Japan: Iriomote, Yaeyama, Okinawa | cp05B | SRR12425471",Broussonetia papyrifera,"Japan: Iriomote, Yaeyama, Okinawa",cp05B,PNAS_KFC2383-1,PNAS_KFC2383_1_Japan_Yaeyama_Iriomote_cp05B
SRR12425474,"Broussonetia papyrifera | Japan: Ishigaki, Yaeyama, Okinawa | cp05B | SRR12425474",Broussonetia papyrifera,"Japan: Ishigaki, Yaeyama, Okinawa",cp05B,PNAS_KFC2367-2,PNAS_KFC2367_2_Japan_Yaeyama_Ishigaki_cp05B
SRR12425473,"Broussonetia papyrifera | Japan: Taketomi, Yaeyama, Okinawa | cp05B | SRR12425473",Broussonetia papyrifera,"Japan: Taketomi, Yaeyama, Okinawa",cp05B,PNAS_KFC2377-2,PNAS_KFC2377_2_Japan_Yaeyama_Taketomi_cp05B
SRR12425385,"Broussonetia kaempferi | China: Yongchun, Quanzhou, Fujian Province |  | SRR12425385",Broussonetia kaempferi,"China: Yongchun, Quanzhou, Fujian Province",,LYH108-1,LYH108_1_Fujian_Quanzhou_kaempferi
SRR12425386,"Broussonetia monoica | Taiwan: Fuxing District, Taoyuan City |  | SRR12425386",Broussonetia monoica,"Taiwan: Fuxing District, Taoyuan City",,LYH83,LYH83_Taiwan_Taoyuan_monoica
SRR12425393,"Broussonetia papyrifera | Japan: The University of Tokyo, Bunkyo, Tokyo | cp28 | SRR12425393",Broussonetia papyrifera,"Japan: The University of Tokyo, Bunkyo, Tokyo",cp28,LYH87,LYH87_Japan_Tokyo_cp28
SRR12425394,"Broussonetia papyrifera | Japan: The University of Tokyo, Bunkyo, Tokyo | cp28 | SRR12425394",Broussonetia papyrifera,"Japan: The University of Tokyo, Bunkyo, Tokyo",cp28,LYH86,LYH86_Japan_Tokyo_cp28
SRR12425405,"Broussonetia papyrifera | China: Shanghai Chenshan Botanical Garden, Songjiang, Shanghai City | cp01 | SRR12425405",Broussonetia papyrifera,"China: Shanghai Chenshan Botanical Garden, Songjiang, Shanghai City",cp01,xy005092-1,xy005092_1_Shanghai_cp01
SRR12425409,"Broussonetia papyrifera | China: Yanping, Nanping, Fujian Province | cp20 | SRR12425409",Broussonetia papyrifera,"China: Yanping, Nanping, Fujian Province",cp20,KFC1724-5,KFC1724_5_Fujian_Nanping_cp20
SRR12425536,"Broussonetia papyrifera | China: Yanping, Nanping, Fujian Province | cp20 | SRR12425536",Broussonetia papyrifera,"China: Yanping, Nanping, Fujian Province",cp20,KFC1724-1,KFC1724_1_Fujian_Nanping_cp20
SRR12425412,"Broussonetia papyrifera | China: Xiamen Botanical Garden, Xiamen, Fujian Province | cp22 | SRR12425412",Broussonetia papyrifera,"China: Xiamen Botanical Garden, Xiamen, Fujian Province",cp22,LYH110,LYH110_Fujian_Xiamen_cp22
SRR12425414,"Broussonetia papyrifera | China: Fujian Province Agriculture and Forestry University, Fuzhou, Fujian Province | cp01 | SRR12425414",Broussonetia papyrifera,"China: Fujian Province Agriculture and Forestry University, Fuzhou, Fujian Province",cp01,KFC2413,LFC2413_Fujian_Fuzhou_cp01
SRR12425415,"Broussonetia papyrifera | China: Fujian Province Agriculture and Forestry University, Fuzhou, Fujian Province | cp01 | SRR12425415",Broussonetia papyrifera,"China: Fujian Province Agriculture and Forestry University, Fuzhou, Fujian Province",cp01,KFC2411,KFC2411_Fujian_Fuzhou_cp01
SRR12425410,"Broussonetia papyrifera | Taiwan: Kincheng, Kinmen County, Fujian Province | cp48 | SRR12425410",Broussonetia papyrifera,"Taiwan: Kincheng, Kinmen County, Fujian Province",cp48,KFC2697,KFC2697_Fujian_Kinmen_Kincheng_cp48
SRR12425436,"Broussonetia papyrifera | China: Licheng, Quanzhou, Fujian Province | cp34 | SRR12425436",Broussonetia papyrifera,"China: Licheng, Quanzhou, Fujian Province",cp34,LYH105-1,LYH105_1_Fujian_Quanzhou_cp34
SRR12425437,"Broussonetia papyrifera | China: Jinjiang, Quanzhou, Fujian Province | cp20 | SRR12425437",Broussonetia papyrifera,"China: Jinjiang, Quanzhou, Fujian Province",cp20,LYH109-4,LYH109_4_Fujian_Quanzhou_cp20
SRR12425442,"Broussonetia papyrifera | China: Fengze, Quanzhou, Fujian Province | CloseTocp01 | SRR12425442",Broussonetia papyrifera,"China: Fengze, Quanzhou, Fujian Province",CloseTocp01,LYH106-5,LYH106_5_Fujian_Quanzhou_CloseTocp01
SRR12425438,"Broussonetia papyrifera | China: Xiangcheng, Zhangzhou, Fujian Province | cp20 | SRR12425438",Broussonetia papyrifera,"China: Xiangcheng, Zhangzhou, Fujian Province",cp20,LYH101-4,LYH101_4_Fujian_Zhangzhou_cp20
SRR12425439,"Broussonetia papyrifera | China: Siming, Xiamen, Fujian Province | cp20 | SRR12425439",Broussonetia papyrifera,"China: Siming, Xiamen, Fujian Province",cp20,LYH95-2,LYH95_2_Fujian_Xiamen_cp20
SRR12425443,"Broussonetia papyrifera | China: Xiangcheng, Zhangzhou, Fujian Province | cp01 | SRR12425443",Broussonetia papyrifera,"China: Xiangcheng, Zhangzhou, Fujian Province",cp01,LYH101-5,LYH101_5_Fujian_Zhangzhou_cp01
SRR12425411,"Broussonetia papyrifera | Taiwan: Machu, Lianjiang County, Fujian Province | cp46 | SRR12425411",Broussonetia papyrifera,"Taiwan: Machu, Lianjiang County, Fujian Province",cp46,KFC2418,KFC2418_Fujian_Lianjiang_Machu_cp46
SRR12425427,"Broussonetia papyrifera | China: Liandu, Lishui, Zhejiang Province | cp22 | SRR12425427",Broussonetia papyrifera,"China: Liandu, Lishui, Zhejiang Province",cp22,KFC3374-3,KFC3374_3_Zhejiang_Lishui_cp22
SRR12425428,"Broussonetia papyrifera | China: Xianju, Taizhou, Zhejiang Province | cp01 | SRR12425428",Broussonetia papyrifera,"China: Xianju, Taizhou, Zhejiang Province",cp01,HHH239,HHH239_Zhejiang_Xianju_cp01
SRR12425404,"Broussonetia papyrifera | China: Shanghai Chenshan Botanical Garden, Songjiang, Shanghai City | CloseTocp01 | SRR12425404",Broussonetia papyrifera,"China: Shanghai Chenshan Botanical Garden, Songjiang, Shanghai City",CloseTocp01,xy005087-1,xy005087_1_Shanghai_CloseTocp01
SRR12425407,"Broussonetia papyrifera | China: Deqing, Huzhou, Zhejiang Province | cp01 | SRR12425407",Broussonetia papyrifera,"China: Deqing, Huzhou, Zhejiang Province",cp01,LP150967_DQ-1,LP150967_DQ_1_Zhejiang_Deqing_cp01
SRR12425429,"Broussonetia papyrifera | China: Dongyang, Jinhua, Zhejiang Province | cp01 | SRR12425429",Broussonetia papyrifera,"China: Dongyang, Jinhua, Zhejiang Province",cp01,KFC3393-3,KFC3393_3_Zhejiang_Dongyang_cp01
SRR12425444,"Broussonetia papyrifera | China: Longhai, Zhangzhou, Fujian Province | cp01 | SRR12425444",Broussonetia papyrifera,"China: Longhai, Zhangzhou, Fujian Province",cp01,LYH100-3,LYH100_3_Fujian_Zhangzhou_cp01
SRR12425406,"Broussonetia papyrifera | China: Xihu, Hangzhou, Zhejiang Province | cp22 | SRR12425406",Broussonetia papyrifera,"China: Xihu, Hangzhou, Zhejiang Province",cp22,LP150972_LS-1,LP150972_LS_1_Zhejiang_Hangzhou_cp22
SRR12425430,"Broussonetia papyrifera | China: Xianju, Taizhou, Zhejiang Province | cp28 | SRR12425430",Broussonetia papyrifera,"China: Xianju, Taizhou, Zhejiang Province",cp28,KFC3382-3,KFC3382_3_Zhejiang_Xianju_cp28
SRR12425431,"Broussonetia papyrifera | China: Xianju, Taizhou, Zhejiang Province | cp28 | SRR12425431",Broussonetia papyrifera,"China: Xianju, Taizhou, Zhejiang Province",cp28,KFC3382-1,KFC3382_1_Zhejiang_Xianju_cp28
SRR12425401,"Broussonetia papyrifera | China: Lianyun, Lianyungang, Zhejiang Province | cp01 | SRR12425401",Broussonetia papyrifera,"China: Lianyun, Lianyungang, Zhejiang Province",cp01,CY160088,CY160088_Zhejiang_Lianyungang_cp01
SRR12425524,"Broussonetia papyrifera | China: Xuanwu, Nanjing, Jiangsu Province | cp53 | SRR12425524",Broussonetia papyrifera,"China: Xuanwu, Nanjing, Jiangsu Province",cp53,2015003,2015003_Jiangsu_Nanjing_cp53
SRR12425403,"Broussonetia papyrifera | China: Jurong, Zhenjiang, Jiangsu Province | cp01 | SRR12425403",Broussonetia papyrifera,"China: Jurong, Zhenjiang, Jiangsu Province",cp01,LP161319-1,LP161319_1_Jiangsu_Jurong_cp01
SRR12425408,"Broussonetia papyrifera | China: Donghai, Lianyungang, Jiangsu Province | cp47 | SRR12425408",Broussonetia papyrifera,"China: Donghai, Lianyungang, Jiangsu Province",cp47,CY160103,CY160103_Jiangsu_Donghai_cp47
SRR12425441,"Broussonetia papyrifera | China: Longhai, Zhangzhou, Fujian Province | cp29 | SRR12425441",Broussonetia papyrifera,"China: Longhai, Zhangzhou, Fujian Province",cp29,LYH99-4,LYH99_4_Fujian_Zhangzhou_cp29
SRR12425492,"Broussonetia papyrifera | China: Yanping District, Longyan, Fujian Province | cp29 | SRR12425492",Broussonetia papyrifera,"China: Yanping District, Longyan, Fujian Province",cp29,KFC1725-5,KFC1725_5_Fujian_Longyan_cp29
SRR12425395,"Broussonetia papyrifera | China: Peking University, Haidian, Beijing | cp40 | SRR12425395",Broussonetia papyrifera,"China: Peking University, Haidian, Beijing",cp40,KFC3448-1,KFC3448_1_Beijing_cp40
SRR12425396,"Broussonetia papyrifera | China: Peking University, Haidian, Beijing | CloseTocp40 | SRR12425396",Broussonetia papyrifera,"China: Peking University, Haidian, Beijing",CloseTocp40,KFC3448-2,KFC3448_2_Beijing_CloseTocp40
SRR12425397,"Broussonetia papyrifera | China: Yuntai Mountain, Jiaozuo, Henan Province | cp40 | SRR12425397",Broussonetia papyrifera,"China: Yuntai Mountain, Jiaozuo, Henan Province",cp40,C1,C1_Henan_Jiaozuo_cp40
SRR12425398,"Broussonetia papyrifera | China: Mengyin, Linyi, Shandong Province | cp40 | SRR12425398",Broussonetia papyrifera,"China: Mengyin, Linyi, Shandong Province",cp40,CY160123-1,CY160123_1_Shandong_Linyi_cp40
SRR12425399,"Broussonetia papyrifera | China: White Horse Temple, Taian, Shandong Province | cp29 | SRR12425399",Broussonetia papyrifera,"China: White Horse Temple, Taian, Shandong Province",cp29,CY160035-1,CY160035_1_Shandong_Taian_cp29
SRR12425400,"Broussonetia papyrifera | China: Jiawang, Xuzhou, Zhejiang Province | cp29 | SRR12425400",Broussonetia papyrifera,"China: Jiawang, Xuzhou, Zhejiang Province",cp29,CY160117-1,CY160117_1_Zhejiang_Xuzhou_cp29
SRR12425440,"Broussonetia papyrifera | China: Siming, Xiamen, Fujian Province | cp40 | SRR12425440",Broussonetia papyrifera,"China: Siming, Xiamen, Fujian Province",cp40,LYH96-4,LYH96_4_Fujian_Xiamen_cp40
SRR12425445,"Broussonetia papyrifera | China: Siming, Xiamen, Fujian Province | cp01 | SRR12425445",Broussonetia papyrifera,"China: Siming, Xiamen, Fujian Province",cp01,LYH97-3,LYH97_3_Fujian_Xiamen_cp01
SRR12425537,"Broussonetia papyrifera | China: Liancheng, Longyan, Fujian Province | cp45 | SRR12425537",Broussonetia papyrifera,"China: Liancheng, Longyan, Fujian Province",cp45,KFC1726-1,KFC1726_1_Fujian_Longyan_cp45
SRR12425482,"Broussonetia papyrifera | China: Nanlang, Zhongshan, Guangdong Province | cp28 | SRR12425482",Broussonetia papyrifera,"China: Nanlang, Zhongshan, Guangdong Province",cp28,KFC1776,KFC1776_Guangdong_Zhongshan_cp28
SRR12425432,"Broussonetia papyrifera | China: Disu, Duan, Guangxi Province | cp34 | SRR12425432",Broussonetia papyrifera,"China: Disu, Duan, Guangxi Province",cp34,Peng24861-1,Peng24861_1_Guangxi_Duan_cp34
SRR12425434,"Broussonetia papyrifera | China: Dongmiao, Duan, Guangxi Province | cp21 | SRR12425434",Broussonetia papyrifera,"China: Dongmiao, Duan, Guangxi Province",cp21,Peng24860,Peng24860_Guangxi_Duan_cp21
SRR12425464,"Broussonetia papyrifera | Philippines: Los Banos, Laguna, Luzon | cp43 | SRR12425464",Broussonetia papyrifera,"Philippines: Los Banos, Laguna, Luzon",cp43,KFC2018-3,KFC2018_3_Philippines_Luzon_cp43
SRR12425467,"Broussonetia papyrifera | Thailand: Nakhon Pathom, Bangkok | cp20 | SRR12425467",Broussonetia papyrifera,"Thailand: Nakhon Pathom, Bangkok",cp20,Phutthai263,Phutthai263_Thailand_Bangkok_cp20
SRR12425520,"Broussonetia papyrifera | Viet Nam: Chuong My, Ha Noi | cp35 | SRR12425520",Broussonetia papyrifera,"Viet Nam: Chuong My, Ha Noi",cp35,LiuXM1,LiuXM1_Vietnam_HaNoi_cp35
SRR12425476,"Broussonetia papyrifera | China: Wuzhishan, Hainan Province | cp20 | SRR12425476",Broussonetia papyrifera,"China: Wuzhishan, Hainan Province",cp20,csc-hainan,csc_hainam_Hainan_Wuzhishan_cp20
SRR12425526,"Broussonetia papyrifera | China: Longzhou, Chongzuo, Guangxi Province | cp39 | SRR12425526",Broussonetia papyrifera,"China: Longzhou, Chongzuo, Guangxi Province",cp39,Peng22951-3,Peng22951_3_Guangxi_Chongzuo_cp39
SRR12425525,"Broussonetia papyrifera | China: Longzhou, Chongzuo, Guangxi Province | cp34 | SRR12425525",Broussonetia papyrifera,"China: Longzhou, Chongzuo, Guangxi Province",cp34,Peng22965-3,Peng22965_3_Guangxi_Chongzuo_cp34
SRR12425433,"Broussonetia papyrifera | China: Fangcheng, Fangchenggang, Guangxi Province | cp32 | SRR12425433",Broussonetia papyrifera,"China: Fangcheng, Fangchenggang, Guangxi Province",cp32,Peng24763-1,Peng24763_1_Guangxi_Fangchenggang_cp32
SRR12425521,"Broussonetia papyrifera | USA: Waimea, Big Island, Hawaii | cp41 | SRR12425521",Broussonetia papyrifera,"USA: Waimea, Big Island, Hawaii",cp41,BQUCH0177,BQUCH0177_Hawaii_BigIsland_cp41
SRR12425522,"Broussonetia papyrifera | USA: Waimea Valley, Oahu, Hawaii | cp41 | SRR12425522",Broussonetia papyrifera,"USA: Waimea Valley, Oahu, Hawaii",cp41,BQUCH0172,BQUCH0172_Hawaii_Oahu_cp41
SRR12425477,"Broussonetia papyrifera | China: Pingle, Guilin, Guangxi Province | cp20 | SRR12425477",Broussonetia papyrifera,"China: Pingle, Guilin, Guangxi Province",cp20,KFC1849-2,KFC1849_2_Guangxi_Guilin_cp20
SRR12425478,"Broussonetia papyrifera | China: Lipu, Guilin, Guangxi Province | cp32 | SRR12425478",Broussonetia papyrifera,"China: Lipu, Guilin, Guangxi Province",cp32,KFC1856-3,KFC1856_3_Guangxi_Guilin_cp32
SRR12425529,"Broussonetia papyrifera | China: Huicheng , Huizhou, Guangdong Province | cp26 | SRR12425529",Broussonetia papyrifera,"China: Huicheng , Huizhou, Guangdong Province",cp26,KFC1735-1,KFC1735_1_Guangdong_Huizhou_cp26
SRR12425533,"Broussonetia papyrifera | China: Huicheng , Huizhou, Guangdong Province | cp21 | SRR12425533",Broussonetia papyrifera,"China: Huicheng , Huizhou, Guangdong Province",cp21,KFC1735-2,KFC1735_2_Guangdong_Huizhou_cp21
SRR12425534,"Broussonetia papyrifera | China: Boluo, Huizhou, Guangdong Province | cp01 | SRR12425534",Broussonetia papyrifera,"China: Boluo, Huizhou, Guangdong Province",cp01,KFC1736-2,KFC1736_2_Guangdong_Huizhou_cp01
SRR12425535,"Broussonetia papyrifera | China: Boluo, Huizhou, Guangdong Province | cp01 | SRR12425535",Broussonetia papyrifera,"China: Boluo, Huizhou, Guangdong Province",cp01,KFC1736-1,KFC1736_1_Guangdong_Huizhou_cp01
SRR12425532,"Broussonetia papyrifera | China: Nanlang, Zhongshan, Guangdong Province | cp21 | SRR12425532",Broussonetia papyrifera,"China: Nanlang, Zhongshan, Guangdong Province",cp21,KFC1777-1,KFC1777_1_Guangdong_Zhongshan_cp21
