Run,AGE,Assay Type,AvgSpotLen,Bases,BioProject,BioSample,BioSampleModel,Bytes,Center Name,Consent,Cultivar,DATASTORE filetype,DATASTORE provider,DATASTORE region,dev_stage,ecotype,Experiment,geo_loc_name_country,geo_loc_name_country_continent,geo_loc_name,Instrument,isolate,lat_lon,Library Name,LibraryLayout,LibrarySelection,LibrarySource,Organism,Platform,ReleaseDate,create_date,version,Sample Name,SRA Study,tissue,Specimen_voucher,haplotype
SRR12425370,missing,RAD-Seq,96,123995328,PRJNA656315,SAMN15778221,Plant,81376364,ACADEMIA SINICA,public,not applicable,"sra,fastq,run.zq","s3,ncbi,gs","gs.us-east1,s3.us-east-1,ncbi.public",missing,not applicable,SRX8921395,China,Asia,"China: Liancheng\, Longyan\, Fujian Province",Illumina HiSeq 2500,KFC1726-3,25.4537 N 116.6705 E,LGL16_KC03_504bp_phix_L3_KFC1726_3,SINGLE,Restriction Digest,GENOMIC,Broussonetia papyrifera,ILLUMINA,2024-08-05T00:00:00Z,2020-08-10T21:14:00Z,1,KFC1726_3_Fujian_Longyan_cp21,SRP276968,leaves,HAST: Kuo-Fang Chung 1726,cp21
SRR12425371,missing,RAD-Seq,96,186569184,PRJNA656315,SAMN15778220,Plant,121211222,ACADEMIA SINICA,public,not applicable,"run.zq,fastq,sra","ncbi,gs,s3","ncbi.public,gs.us-east1,s3.us-east-1",missing,not applicable,SRX8921394,China,Asia,"China: Liancheng\, Longyan\, Fujian Province",Illumina HiSeq 2500,KFC1726-4,25.4537 N 116.6705 E,LGL16_KC03_504bp_phix_L3_KFC1726_4,SINGLE,Restriction Digest,GENOMIC,Broussonetia papyrifera,ILLUMINA,2024-08-05T00:00:00Z,2020-08-10T21:15:00Z,1,KFC1726_4_Fujian_Longyan_cp01,SRP276968,leaves,HAST: Kuo-Fang Chung 1726,cp01
SRR12425372,missing,RAD-Seq,96,258160992,PRJNA656315,SAMN15778219,Plant,168150019,ACADEMIA SINICA,public,not applicable,"sra,fastq,run.zq","gs,s3,ncbi","ncbi.public,gs.us-east1,s3.us-east-1",missing,not applicable,SRX8921393,Taiwan,Asia,"Taiwan: Guanshan Township\, Taitung County",Illumina HiSeq 2500,Liu74-1,23.0196 N 121.1533 E,LGL16_KC03_504bp_phix_L3_Liu74_1,SINGLE,Restriction Digest,GENOMIC,Broussonetia papyrifera,ILLUMINA,2024-08-05T00:00:00Z,2020-08-10T21:15:00Z,1,N74_1_Taiwan_Taitung_cp17,SRP276968,leaves,Liu74,cp17
SRR12425373,missing,RAD-Seq,96,123933792,PRJNA656315,SAMN15778218,Plant,82342876,ACADEMIA SINICA,public,not applicable,"run.zq,sra,fastq","gs,s3,ncbi","ncbi.public,s3.us-east-1,gs.us-east1",missing,not applicable,SRX8921392,Taiwan,Asia,"Taiwan: Fangshan Township\, Pingtung County",Illumina HiSeq 2500,Liu81-4,22.2426 N 120.6652 E,LGL16_KC03_504bp_phix_L3_Liu81_4,SINGLE,Restriction Digest,GENOMIC,Broussonetia papyrifera,ILLUMINA,2024-08-05T00:00:00Z,2020-08-10T21:15:00Z,1,M81_4_Taiwan_Pingtung_cp17,SRP276968,leaves,Liu81,cp17
SRR12425374,missing,RAD-Seq,96,20041632,PRJNA656315,SAMN15778217,Plant,14031471,ACADEMIA SINICA,public,not applicable,"fastq,sra,run.zq","s3,ncbi,gs","s3.us-east-1,ncbi.public,gs.us-east1",missing,not applicable,SRX8921391,Taiwan,Asia,"Taiwan: Nanhua District\, Tainan City",Illumina HiSeq 2500,Liu107-4,23.0789 N 120.495 E,LGL16_KC03_504bp_phix_L3_Liu107_4,SINGLE,Restriction Digest,GENOMIC,Broussonetia papyrifera,ILLUMINA,2024-08-05T00:00:00Z,2020-08-10T21:45:00Z,1,K107_4_Taiwan_Tainan_cp17,SRP276968,leaves,Liu107,cp17
SRR12425375,missing,RAD-Seq,96,159498432,PRJNA656315,SAMN15778216,Plant,106441093,ACADEMIA SINICA,public,not applicable,"sra,fastq,run.zq","gs,ncbi,s3","ncbi.public,gs.us-east1,s3.us-east-1",missing,not applicable,SRX8921390,Taiwan,Asia,"Taiwan: Dawu Township\, Taitung County",Illumina HiSeq 2500,Liu80-1,22.4554 N 120.943 E,LGL16_KC03_504bp_phix_L3_Liu80_1,SINGLE,Restriction Digest,GENOMIC,Broussonetia papyrifera,ILLUMINA,2024-08-05T00:00:00Z,2020-08-10T21:15:00Z,1,N80_1_Taiwan_Taitung_cp16,SRP276968,leaves,Liu80,cp16
SRR12425376,missing,RAD-Seq,96,251287296,PRJNA656315,SAMN15778215,Plant,163684173,ACADEMIA SINICA,public,not applicable,"run.zq,fastq,sra","ncbi,gs,s3","gs.us-east1,ncbi.public,s3.us-east-1",missing,not applicable,SRX8921389,Taiwan,Asia,"Taiwan: Yanpu Township\, Pingtung County",Illumina HiSeq 2500,Liu111-5,22.7485 N 120.5612 E,LGL16_KC03_504bp_phix_L3_Liu111_5,SINGLE,Restriction Digest,GENOMIC,Broussonetia papyrifera,ILLUMINA,2024-08-05T00:00:00Z,2020-08-10T21:15:00Z,1,M111_5_Taiwan_Pingtung_cp16,SRP276968,leaves,Liu111,cp16
SRR12425377,missing,RAD-Seq,96,9519552,PRJNA656315,SAMN15778214,Plant,6660495,ACADEMIA SINICA,public,not applicable,"sra,fastq,run.zq","ncbi,gs,s3","ncbi.public,s3.us-east-1,gs.us-east1",missing,not applicable,SRX8921388,Taiwan,Asia,"Taiwan: Ciaotou District\, Kaohsiung City",Illumina HiSeq 2500,Liu103-4,22.7448 N 120.3165 E,LGL16_KC03_504bp_phix_L3_Liu103_4,SINGLE,Restriction Digest,GENOMIC,Broussonetia papyrifera,ILLUMINA,2024-08-05T00:00:00Z,2020-08-10T21:14:00Z,1,L103_4_Taiwan_Kaohsiung_cp16,SRP276968,leaves,Liu103,cp16
SRR12425378,missing,RAD-Seq,96,262159392,PRJNA656315,SAMN15778213,Plant,169519563,ACADEMIA SINICA,public,not applicable,"run.zq,fastq,sra","ncbi,s3,gs","s3.us-east-1,ncbi.public,gs.us-east1",missing,not applicable,SRX8921387,Taiwan,Asia,"Taiwan: Taibao Township\, Chiayi County",Illumina HiSeq 2500,SongL-1,23.453282 N 120.323743 E,LGL16_KC03_504bp_phix_L3_SongL_1,SINGLE,Restriction Digest,GENOMIC,Broussonetia papyrifera,ILLUMINA,2024-08-05T00:00:00Z,2020-08-10T21:15:00Z,1,SongL_1_Taiwan_Chiayi_cp11,SRP276968,leaves,SongL,cp11
SRR12425379,missing,RAD-Seq,96,178312992,PRJNA656315,SAMN15778212,Plant,117765171,ACADEMIA SINICA,public,not applicable,"sra,fastq,run.zq","gs,ncbi,s3","ncbi.public,s3.us-east-1,gs.us-east1",missing,not applicable,SRX8921386,Taiwan,Asia,"Taiwan: Ren'ai Township\, Nantou County",Illumina HiSeq 2500,Liu25-1,24.0378 N 121.1451 E,LGL16_KC03_504bp_phix_L3_Liu25_1,SINGLE,Restriction Digest,GENOMIC,Broussonetia papyrifera,ILLUMINA,2024-08-05T00:00:00Z,2020-08-10T21:15:00Z,1,P25_1_Taiwan_Nantou_cp09,SRP276968,leaves,Liu25,cp09
SRR12425380,missing,RAD-Seq,96,260545344,PRJNA656315,SAMN15778131,Plant,171561683,ACADEMIA SINICA,public,not applicable,"fastq,run.zq,sra","s3,gs,ncbi","ncbi.public,s3.us-east-1,gs.us-east1",missing,not applicable,SRX8921385,Taiwan,Asia,"Taiwan: Taitung City\, Taitung County",Illumina HiSeq 2500,TTD01-2,22.79441389 N 121.1172722 E,LGL16_KC01_503bp_L1_TTD01_2,SINGLE,Restriction Digest,GENOMIC,Broussonetia papyrifera,ILLUMINA,2024-08-05T00:00:00Z,2020-08-10T21:15:00Z,1,TTD01_2_Taiwan_Taitung_cp05,SRP276968,leaves,TTD01,cp05
SRR12425381,missing,RAD-Seq,96,21388512,PRJNA656315,SAMN15778211,Plant,14607374,ACADEMIA SINICA,public,not applicable,"sra,run.zq,fastq","gs,ncbi,s3","ncbi.public,s3.us-east-1,gs.us-east1",missing,not applicable,SRX8921384,Taiwan,Asia,"Taiwan: Ciaotou District\, Kaohsiung City",Illumina HiSeq 2500,Liu103-2,22.7446 N 120.3165 E,LGL16_KC03_504bp_phix_L3_Liu103_2,SINGLE,Restriction Digest,GENOMIC,Broussonetia papyrifera,ILLUMINA,2024-08-05T00:00:00Z,2020-08-10T21:14:00Z,1,L103_2_Taiwan_Kaohsiung_cp09,SRP276968,leaves,Liu103,cp09
SRR12425382,missing,RAD-Seq,96,173328672,PRJNA656315,SAMN15778210,Plant,112802781,ACADEMIA SINICA,public,not applicable,"run.zq,fastq,sra","ncbi,s3,gs","ncbi.public,s3.us-east-1,gs.us-east1",missing,not applicable,SRX8921383,Taiwan,Asia,"Taiwan: Xincheng Township\, Hualien County",Illumina HiSeq 2500,Liu36-5,24.1562 N 121.6177 E,LGL16_KC03_504bp_phix_L3_Liu36_5,SINGLE,Restriction Digest,GENOMIC,Broussonetia papyrifera,ILLUMINA,2024-08-05T00:00:00Z,2020-08-10T21:15:00Z,1,O36_5_Taiwan_Hualien_cp06,SRP276968,leaves,Liu36,cp06
SRR12425383,missing,RAD-Seq,96,265024224,PRJNA656315,SAMN15778209,Plant,170797717,ACADEMIA SINICA,public,not applicable,"fastq,sra,run.zq","ncbi,gs,s3","s3.us-east-1,ncbi.public,gs.us-east1",missing,not applicable,SRX8921382,Taiwan,Asia,"Taiwan: Hualien County\, Hualien County",Illumina HiSeq 2500,Liu66-3,23.9808 N 121.6159 E,LGL16_KC03_504bp_phix_L3_Liu66_3,SINGLE,Restriction Digest,GENOMIC,Broussonetia papyrifera,ILLUMINA,2024-08-05T00:00:00Z,2020-08-10T21:15:00Z,1,O66_3_Taiwan_Hualien_cp05,SRP276968,leaves,Liu66,cp05
SRR12425384,missing,RAD-Seq,96,225744288,PRJNA656315,SAMN15778208,Plant,145833104,ACADEMIA SINICA,public,not applicable,"run.zq,fastq,sra","gs,s3,ncbi","ncbi.public,s3.us-east-1,gs.us-east1",missing,not applicable,SRX8921381,Taiwan,Asia,"Taiwan: Luye Township\, Taitung County",Illumina HiSeq 2500,Liu75-2,22.8959 N 121.1235 E,LGL16_KC03_504bp_phix_L3_Liu75_2,SINGLE,Restriction Digest,GENOMIC,Broussonetia papyrifera,ILLUMINA,2024-08-05T00:00:00Z,2020-08-10T21:15:00Z,1,N75_2_Taiwan_Taitung_cp05,SRP276968,leaves,Liu75,cp05
SRR12425385,missing,RAD-Seq,96,252584640,PRJNA656315,SAMN15778207,Plant,161628377,ACADEMIA SINICA,public,not applicable,"fastq,run.zq,sra","ncbi,s3,gs","ncbi.public,s3.us-east-1,gs.us-east1",missing,not applicable,SRX8921380,China,Asia,"China: Yongchun\, Quanzhou\, Fujian Province",Illumina HiSeq 2500,LYH108-1,25.42727147 N 117.9327532 E,LGL16_KC02_500bp_L2_LYH108_1,SINGLE,Restriction Digest,GENOMIC,Broussonetia kaempferi,ILLUMINA,2024-08-05T00:00:00Z,2020-08-10T21:15:00Z,1,LYH108_1_Fujian_Quanzhou_kaempferi,SRP276968,leaves,LYH108,
SRR12425386,missing,RAD-Seq,96,299763072,PRJNA656315,SAMN15778206,Plant,190928461,ACADEMIA SINICA,public,not applicable,"run.zq,sra,fastq","gs,ncbi,s3","gs.us-east1,s3.us-east-1,ncbi.public",missing,not applicable,SRX8921379,Taiwan,Asia,"Taiwan: Fuxing District\, Taoyuan City",Illumina HiSeq 2500,LYH83,24.79983333 N 121.4223167 E,LGL16_KC02_500bp_L2_LYH83,SINGLE,Restriction Digest,GENOMIC,Broussonetia monoica,ILLUMINA,2024-08-05T00:00:00Z,2020-08-10T21:15:00Z,1,LYH83_Taiwan_Taoyuan_monoica,SRP276968,leaves,LYH83,
SRR12425387,missing,RAD-Seq,96,174464160,PRJNA656315,SAMN15778205,Plant,113216727,ACADEMIA SINICA,public,not applicable,"fastq,run.zq,sra","s3,gs,ncbi","ncbi.public,s3.us-east-1,gs.us-east1",missing,not applicable,SRX8921378,French Polynesia,Oceania,French Polynesia: Tahiti,Illumina HiSeq 2500,BQUCH0435,missing,LGL16_KC02_500bp_L2_BQUCH0435,SINGLE,Restriction Digest,GENOMIC,Broussonetia papyrifera,ILLUMINA,2024-08-05T00:00:00Z,2020-08-10T21:15:00Z,1,BQUCH0435_Tahiti_cp17B,SRP276968,leaves,BQUCH0435,cp17B
SRR12425388,missing,RAD-Seq,96,203998368,PRJNA656315,SAMN15778204,Plant,131844390,ACADEMIA SINICA,public,not applicable,"run.zq,sra,fastq","ncbi,gs,s3","gs.us-east1,ncbi.public,s3.us-east-1",missing,not applicable,SRX8921377,Samoa,Oceania,"Samoa: Palauli Siapo demostration\, Palauli\, Savaii",Illumina HiSeq 2500,LYH27,13.756518 S 172.304398 W,LGL16_KC02_500bp_L2_LYH27,SINGLE,Restriction Digest,GENOMIC,Broussonetia papyrifera,ILLUMINA,2024-08-05T00:00:00Z,2020-08-10T21:15:00Z,1,LYH27_Samoa_Savaii_cp17,SRP276968,leaves,LYH27,cp17
SRR12425389,missing,RAD-Seq,96,270453984,PRJNA656315,SAMN15778203,Plant,173152071,ACADEMIA SINICA,public,not applicable,"run.zq,fastq,sra","s3,ncbi,gs","s3.us-east-1,ncbi.public,gs.us-east1",missing,not applicable,SRX8921376,Samoa,Oceania,"Samoa: Faleolo International Airpor\, Faleolo\, Upolu",Illumina HiSeq 2500,LYH26-2,13.831289 S 171.984867 W,LGL16_KC02_500bp_L2_LYH26_2,SINGLE,Restriction Digest,GENOMIC,Broussonetia papyrifera,ILLUMINA,2024-08-05T00:00:00Z,2020-08-10T21:15:00Z,1,LYH26_2_Samoa_Upolu_cp17,SRP276968,leaves,LYH26,cp17
SRR12425390,missing,RAD-Seq,96,164290176,PRJNA656315,SAMN15778202,Plant,106960821,ACADEMIA SINICA,public,not applicable,"run.zq,sra,fastq","gs,ncbi,s3","s3.us-east-1,ncbi.public,gs.us-east1",missing,not applicable,SRX8921375,Fiji,Oceania,"Fiji: Ekubo\, Vatulele",Illumina HiSeq 2500,LYH23-3,18.52502659 S 177.6425319 E,LGL16_KC02_500bp_L2_LYH23_3,SINGLE,Restriction Digest,GENOMIC,Broussonetia papyrifera,ILLUMINA,2024-08-05T00:00:00Z,2020-08-10T21:15:00Z,1,LYH23_3_Fiji_Vatulele_cp17,SRP276968,leaves,LYH23,cp17
SRR12425391,missing,RAD-Seq,96,164028096,PRJNA656315,SAMN15778130,Plant,109394031,ACADEMIA SINICA,public,not applicable,"run.zq,sra,fastq","ncbi,s3,gs","gs.us-east1,ncbi.public,s3.us-east-1",missing,not applicable,SRX8921374,Taiwan,Asia,"Taiwan: Changbin Township\, Taitung County",Illumina HiSeq 2500,TCB01-1,23.28122222 N 121.4172389 E,LGL16_KC01_503bp_L1_TCB01_1,SINGLE,Restriction Digest,GENOMIC,Broussonetia papyrifera,ILLUMINA,2024-08-05T00:00:00Z,2020-08-10T21:15:00Z,1,TCB01_1_Taiwan_Taitung_cp05,SRP276968,leaves,TCB01,cp05
SRR12425392,missing,RAD-Seq,96,162465024,PRJNA656315,SAMN15778201,Plant,105693661,ACADEMIA SINICA,public,not applicable,"fastq,run.zq,sra","ncbi,gs,s3","ncbi.public,s3.us-east-1,gs.us-east1",missing,not applicable,SRX8921373,Tonga,Oceania,"Tonga: Nuku'alofa\, Tongatapu",Illumina HiSeq 2500,LYH1,21.15245434 S 175.229785 W,LGL16_KC02_500bp_L2_LYH1,SINGLE,Restriction Digest,GENOMIC,Broussonetia papyrifera,ILLUMINA,2024-08-05T00:00:00Z,2020-08-10T21:45:00Z,1,LYH1_Tonga_Tongatapu_cp17,SRP276968,leaves,LYH1,cp17
SRR12425393,missing,RAD-Seq,96,199264992,PRJNA656315,SAMN15778200,Plant,128814521,ACADEMIA SINICA,public,not applicable,"fastq,sra,run.zq","s3,ncbi,gs","gs.us-east1,s3.us-east-1,ncbi.public",missing,not applicable,SRX8921372,Japan,Asia,"Japan: The University of Tokyo\, Bunkyo\, Tokyo",Illumina HiSeq 2500,LYH87,35.711674 N 139.762109 E,LGL16_KC02_500bp_L2_LYH87,SINGLE,Restriction Digest,GENOMIC,Broussonetia papyrifera,ILLUMINA,2024-08-05T00:00:00Z,2020-08-10T21:46:00Z,1,LYH87_Japan_Tokyo_cp28,SRP276968,leaves,LYH87,cp28
SRR12425394,missing,RAD-Seq,96,258504384,PRJNA656315,SAMN15778199,Plant,165864431,ACADEMIA SINICA,public,not applicable,"run.zq,sra,fastq","s3,ncbi,gs","ncbi.public,s3.us-east-1,gs.us-east1",missing,not applicable,SRX8921371,Japan,Asia,"Japan: The University of Tokyo\, Bunkyo\, Tokyo",Illumina HiSeq 2500,LYH86,35.708784 N 139.7615535 E,LGL16_KC02_500bp_L2_LYH86,SINGLE,Restriction Digest,GENOMIC,Broussonetia papyrifera,ILLUMINA,2024-08-05T00:00:00Z,2020-08-10T21:15:00Z,1,LYH86_Japan_Tokyo_cp28,SRP276968,leaves,LYH86,cp28
SRR12425395,missing,RAD-Seq,96,168832896,PRJNA656315,SAMN15778198,Plant,110360835,ACADEMIA SINICA,public,not applicable,"sra,run.zq,fastq","s3,ncbi,gs","ncbi.public,s3.us-east-1,gs.us-east1",missing,not applicable,SRX8921370,China,Asia,"China: Peking University\, Haidian\, Beijing",Illumina HiSeq 2500,KFC3448-1,39.98629 N 116.300579 E,LGL16_KC02_500bp_L2_KFC3448_1,SINGLE,Restriction Digest,GENOMIC,Broussonetia papyrifera,ILLUMINA,2024-08-05T00:00:00Z,2020-08-10T21:15:00Z,1,KFC3448_1_Beijing_cp40,SRP276968,leaves,KFC3448,cp40
SRR12425396,missing,RAD-Seq,96,213017088,PRJNA656315,SAMN15778197,Plant,137795766,ACADEMIA SINICA,public,not applicable,"fastq,sra,run.zq","gs,s3,ncbi","ncbi.public,s3.us-east-1,gs.us-east1",missing,not applicable,SRX8921369,China,Asia,"China: Peking University\, Haidian\, Beijing",Illumina HiSeq 2500,KFC3448-2,39.98629 N 116.300579 E,LGL16_KC02_500bp_L2_KFC3448_2,SINGLE,Restriction Digest,GENOMIC,Broussonetia papyrifera,ILLUMINA,2024-08-05T00:00:00Z,2020-08-10T21:15:00Z,1,KFC3448_2_Beijing_CloseTocp40,SRP276968,leaves,KFC3448,CloseTocp40
SRR12425397,missing,RAD-Seq,96,141841440,PRJNA656315,SAMN15778196,Plant,92918956,ACADEMIA SINICA,public,not applicable,"run.zq,sra,fastq","ncbi,gs,s3","gs.us-east1,ncbi.public,s3.us-east-1",missing,not applicable,SRX8921368,China,Asia,"China: Yuntai Mountain\, Jiaozuo\, Henan Province",Illumina HiSeq 2500,C1,35.47583 N 113.33611 E,LGL16_KC02_500bp_L2_C1,SINGLE,Restriction Digest,GENOMIC,Broussonetia papyrifera,ILLUMINA,2024-08-05T00:00:00Z,2020-08-10T21:15:00Z,1,C1_Henan_Jiaozuo_cp40,SRP276968,leaves,,cp40
SRR12425398,missing,RAD-Seq,96,160585632,PRJNA656315,SAMN15778195,Plant,104745286,ACADEMIA SINICA,public,not applicable,"sra,fastq,run.zq","ncbi,s3,gs","ncbi.public,gs.us-east1,s3.us-east-1",missing,not applicable,SRX8921367,China,Asia,"China: Mengyin\, Linyi\, Shandong Province",Illumina HiSeq 2500,CY160123-1,35.544484 N 117.967008 E,LGL16_KC02_500bp_L2_CY160123_1,SINGLE,Restriction Digest,GENOMIC,Broussonetia papyrifera,ILLUMINA,2024-08-05T00:00:00Z,2020-08-10T21:15:00Z,1,CY160123_1_Shandong_Linyi_cp40,SRP276968,leaves,CY160123,cp40
SRR12425399,missing,RAD-Seq,96,141624000,PRJNA656315,SAMN15778194,Plant,91907545,ACADEMIA SINICA,public,not applicable,"fastq,sra,run.zq","s3,ncbi,gs","ncbi.public,s3.us-east-1,gs.us-east1",missing,not applicable,SRX8921366,China,Asia,"China: White Horse Temple\, Taian\, Shandong Province",Illumina HiSeq 2500,CY160035-1,35.739538 N 117.491233 E,LGL16_KC02_500bp_L2_CY160035_1,SINGLE,Restriction Digest,GENOMIC,Broussonetia papyrifera,ILLUMINA,2024-08-05T00:00:00Z,2020-08-10T21:15:00Z,1,CY160035_1_Shandong_Taian_cp29,SRP276968,leaves,CY160035,cp29
SRR12425400,missing,RAD-Seq,96,177793632,PRJNA656315,SAMN15778193,Plant,114452904,ACADEMIA SINICA,public,not applicable,"fastq,sra,run.zq","ncbi,s3,gs","gs.us-east1,ncbi.public,s3.us-east-1",missing,not applicable,SRX8921365,China,Asia,"China: Jiawang\, Xuzhou\, Zhejiang Province",Illumina HiSeq 2500,CY160117-1,34.413913 N 117.512302 E,LGL16_KC02_500bp_L2_CY160117_1,SINGLE,Restriction Digest,GENOMIC,Broussonetia papyrifera,ILLUMINA,2024-08-05T00:00:00Z,2020-08-10T21:15:00Z,1,CY160117_1_Zhejiang_Xuzhou_cp29,SRP276968,leaves,CY160117,cp29
SRR12425401,missing,RAD-Seq,96,209088672,PRJNA656315,SAMN15778192,Plant,133950534,ACADEMIA SINICA,public,not applicable,"fastq,run.zq,sra","s3,ncbi,gs","s3.us-east-1,ncbi.public,gs.us-east1",missing,not applicable,SRX8921364,China,Asia,"China: Lianyun\, Lianyungang\, Zhejiang Province",Illumina HiSeq 2500,CY160088,34.72716 N 119.449191 E,LGL16_KC02_500bp_L2_CY160088,SINGLE,Restriction Digest,GENOMIC,Broussonetia papyrifera,ILLUMINA,2024-08-05T00:00:00Z,2020-08-10T21:15:00Z,1,CY160088_Zhejiang_Lianyungang_cp01,SRP276968,leaves,CY160088,cp01
SRR12425402,missing,RAD-Seq,96,212572224,PRJNA656315,SAMN15778129,Plant,139068085,ACADEMIA SINICA,public,not applicable,"sra,run.zq,fastq","s3,ncbi,gs","s3.us-east-1,ncbi.public,gs.us-east1",missing,not applicable,SRX8921363,Taiwan,Asia,"Taiwan: Bali District\, Taipei City",Illumina HiSeq 2500,KFC3417-1,25.14029296 N 121.3812781 E,LGL16_KC01_503bp_L1_KFC3417_1,SINGLE,Restriction Digest,GENOMIC,Broussonetia papyrifera,ILLUMINA,2024-08-05T00:00:00Z,2020-08-10T21:15:00Z,1,KFC3417_1_Taiwan_Taipei_CloseTocp01,SRP276968,leaves,KFC3417,CloseTocp01
SRR12425403,missing,RAD-Seq,96,172153248,PRJNA656315,SAMN15778191,Plant,111163280,ACADEMIA SINICA,public,not applicable,"fastq,sra,run.zq","s3,ncbi,gs","ncbi.public,s3.us-east-1,gs.us-east1",missing,not applicable,SRX8921362,China,Asia,"China: Jurong\, Zhenjiang\, Jiangsu Province",Illumina HiSeq 2500,LP161319-1,32.151374 N 119.050063 E,LGL16_KC02_500bp_L2_LP161319_1,SINGLE,Restriction Digest,GENOMIC,Broussonetia papyrifera,ILLUMINA,2024-08-05T00:00:00Z,2020-08-10T21:15:00Z,1,LP161319_1_Jiangsu_Jurong_cp01,SRP276968,leaves,LP161319,cp01
SRR12425404,missing,RAD-Seq,96,187176096,PRJNA656315,SAMN15778190,Plant,120776769,ACADEMIA SINICA,public,not applicable,"sra,fastq,run.zq","s3,gs,ncbi","s3.us-east-1,ncbi.public,gs.us-east1",missing,not applicable,SRX8921361,China,Asia,"China: Shanghai Chenshan Botanical Garden\, Songjiang\, Shanghai City",Illumina HiSeq 2500,xy005087-1,31.07926944 N 121.1737806 E,LGL16_KC02_500bp_L2_xy005087_1,SINGLE,Restriction Digest,GENOMIC,Broussonetia papyrifera,ILLUMINA,2024-08-05T00:00:00Z,2020-08-10T21:15:00Z,1,xy005087_1_Shanghai_CloseTocp01,SRP276968,leaves,xy005087,CloseTocp01
SRR12425405,missing,RAD-Seq,96,153788064,PRJNA656315,SAMN15778189,Plant,99272566,ACADEMIA SINICA,public,not applicable,"sra,fastq,run.zq","gs,ncbi,s3","ncbi.public,gs.us-east1,s3.us-east-1",missing,not applicable,SRX8921360,China,Asia,"China: Shanghai Chenshan Botanical Garden\, Songjiang\, Shanghai City",Illumina HiSeq 2500,xy005092-1,31.0794 N 121.1748083 E,LGL16_KC02_500bp_L2_xy005092_1,SINGLE,Restriction Digest,GENOMIC,Broussonetia papyrifera,ILLUMINA,2024-08-05T00:00:00Z,2020-08-10T21:15:00Z,1,xy005092_1_Shanghai_cp01,SRP276968,leaves,xy005092,cp01
SRR12425406,missing,RAD-Seq,96,278112480,PRJNA656315,SAMN15778188,Plant,176806306,ACADEMIA SINICA,public,not applicable,"sra,run.zq,fastq","s3,gs,ncbi","gs.us-east1,ncbi.public,s3.us-east-1",missing,not applicable,SRX8921359,China,Asia,"China: Xihu\, Hangzhou\, Zhejiang Province",Illumina HiSeq 2500,LP150972_LS-1,30.12132 N 120.03461 E,LGL16_KC02_500bp_L2_LP150972_LS_1,SINGLE,Restriction Digest,GENOMIC,Broussonetia papyrifera,ILLUMINA,2024-08-05T00:00:00Z,2020-08-10T21:15:00Z,1,LP150972_LS_1_Zhejiang_Hangzhou_cp22,SRP276968,leaves,LP150972,cp22
SRR12425407,missing,RAD-Seq,96,313686432,PRJNA656315,SAMN15778187,Plant,196301030,ACADEMIA SINICA,public,not applicable,"sra,run.zq,fastq","s3,ncbi,gs","gs.us-east1,ncbi.public,s3.us-east-1",missing,not applicable,SRX8921358,China,Asia,"China: Deqing\, Huzhou\, Zhejiang Province",Illumina HiSeq 2500,LP150967_DQ-1,30.52553 N 120.05164 E,LGL16_KC02_500bp_L2_LP150967_DQ_1,SINGLE,Restriction Digest,GENOMIC,Broussonetia papyrifera,ILLUMINA,2024-08-05T00:00:00Z,2020-08-10T21:15:00Z,1,LP150967_DQ_1_Zhejiang_Deqing_cp01,SRP276968,leaves,LP150967,cp01
SRR12425408,missing,RAD-Seq,96,180956928,PRJNA656315,SAMN15778186,Plant,115357633,ACADEMIA SINICA,public,not applicable,"sra,run.zq,fastq","ncbi,gs,s3","gs.us-east1,ncbi.public,s3.us-east-1",missing,not applicable,SRX8921357,China,Asia,"China: Donghai\, Lianyungang\, Jiangsu Province",Illumina HiSeq 2500,CY160103,34.571981 N 118.771276 E,LGL16_KC02_500bp_L2_CY160103,SINGLE,Restriction Digest,GENOMIC,Broussonetia papyrifera,ILLUMINA,2024-08-05T00:00:00Z,2020-08-10T21:15:00Z,1,CY160103_Jiangsu_Donghai_cp47,SRP276968,leaves,CY160103,cp47
SRR12425409,missing,RAD-Seq,96,147110208,PRJNA656315,SAMN15778185,Plant,95673740,ACADEMIA SINICA,public,not applicable,"run.zq,sra,fastq","gs,s3,ncbi","ncbi.public,gs.us-east1,s3.us-east-1",missing,not applicable,SRX8921356,China,Asia,"China: Yanping\, Nanping\, Fujian Province",Illumina HiSeq 2500,KFC1724-5,26.6835 N 118.1846 E,LGL16_KC02_500bp_L2_KFC1724_5,SINGLE,Restriction Digest,GENOMIC,Broussonetia papyrifera,ILLUMINA,2024-08-05T00:00:00Z,2020-08-10T21:15:00Z,1,KFC1724_5_Fujian_Nanping_cp20,SRP276968,leaves,KFC1724,cp20
SRR12425410,missing,RAD-Seq,96,161481504,PRJNA656315,SAMN15778184,Plant,103984029,ACADEMIA SINICA,public,not applicable,"run.zq,fastq,sra","ncbi,s3,gs","s3.us-east-1,gs.us-east1,ncbi.public",missing,not applicable,SRX8921355,Taiwan,Asia,"Taiwan: Kincheng\, Kinmen County\, Fujian Province",Illumina HiSeq 2500,KFC2697,24.4395 N 118.3176 E,LGL16_KC02_500bp_L2_KFC2697,SINGLE,Restriction Digest,GENOMIC,Broussonetia papyrifera,ILLUMINA,2024-08-05T00:00:00Z,2020-08-10T21:15:00Z,1,KFC2697_Fujian_Kinmen_Kincheng_cp48,SRP276968,leaves,KFC2697,cp48
SRR12425411,missing,RAD-Seq,96,122529216,PRJNA656315,SAMN15778183,Plant,79793571,ACADEMIA SINICA,public,not applicable,"run.zq,sra,fastq","ncbi,s3,gs","ncbi.public,s3.us-east-1,gs.us-east1",missing,not applicable,SRX8921354,Taiwan,Asia,"Taiwan: Machu\, Lianjiang County\, Fujian Province",Illumina HiSeq 2500,KFC2418,26.2291 N 119.9966 E,LGL16_KC02_500bp_L2_KFC2418,SINGLE,Restriction Digest,GENOMIC,Broussonetia papyrifera,ILLUMINA,2024-08-05T00:00:00Z,2020-08-10T21:15:00Z,1,KFC2418_Fujian_Lianjiang_Machu_cp46,SRP276968,leaves,KFC2418,cp46
SRR12425412,missing,RAD-Seq,96,155701824,PRJNA656315,SAMN15778182,Plant,101035699,ACADEMIA SINICA,public,not applicable,"fastq,sra,run.zq","gs,ncbi,s3","s3.us-east-1,ncbi.public,gs.us-east1",missing,not applicable,SRX8921353,China,Asia,"China: Xiamen Botanical Garden\, Xiamen\, Fujian Province",Illumina HiSeq 2500,LYH110,24.445521 N 118.098617 E,LGL16_KC02_500bp_L2_LYH110,SINGLE,Restriction Digest,GENOMIC,Broussonetia papyrifera,ILLUMINA,2024-08-05T00:00:00Z,2020-08-10T21:15:00Z,1,LYH110_Fujian_Xiamen_cp22,SRP276968,leaves,LYH110,cp22
SRR12425413,missing,RAD-Seq,96,151692768,PRJNA656315,SAMN15778128,Plant,100041884,ACADEMIA SINICA,public,not applicable,"run.zq,sra,fastq","ncbi,gs,s3","gs.us-east1,ncbi.public,s3.us-east-1",missing,not applicable,SRX8921352,Taiwan,Asia,"Taiwan: Fengyuan District\, Taichung City",Illumina HiSeq 2500,KFC2376-1,24.27753 N 120.7228 E,LGL16_KC01_503bp_L1_KFC2376_1,SINGLE,Restriction Digest,GENOMIC,Broussonetia papyrifera,ILLUMINA,2024-08-05T00:00:00Z,2020-08-10T21:15:00Z,1,KFC2376_1_Taiwan_Taichung_cp03,SRP276968,leaves,KFC2376,cp03
SRR12425414,missing,RAD-Seq,96,207685920,PRJNA656315,SAMN15778181,Plant,134708313,ACADEMIA SINICA,public,not applicable,"run.zq,sra,fastq","gs,s3,ncbi","gs.us-east1,s3.us-east-1,ncbi.public",missing,not applicable,SRX8921351,China,Asia,"China: Fujian Province Agriculture and Forestry University\, Fuzhou\, Fujian Province",Illumina HiSeq 2500,KFC2413,26.0873 N 119.2291 E,LGL16_KC02_500bp_L2_KFC2413,SINGLE,Restriction Digest,GENOMIC,Broussonetia papyrifera,ILLUMINA,2024-08-05T00:00:00Z,2020-08-10T21:15:00Z,1,LFC2413_Fujian_Fuzhou_cp01,SRP276968,leaves,KFC2413,cp01
SRR12425415,missing,RAD-Seq,96,239223264,PRJNA656315,SAMN15778180,Plant,153204807,ACADEMIA SINICA,public,not applicable,"run.zq,sra,fastq","gs,s3,ncbi","gs.us-east1,ncbi.public,s3.us-east-1",missing,not applicable,SRX8921350,China,Asia,"China: Fujian Province Agriculture and Forestry University\, Fuzhou\, Fujian Province",Illumina HiSeq 2500,KFC2411,26.0873 N 119.2291 E,LGL16_KC02_500bp_L2_KFC2411,SINGLE,Restriction Digest,GENOMIC,Broussonetia papyrifera,ILLUMINA,2024-08-05T00:00:00Z,2020-08-10T21:15:00Z,1,KFC2411_Fujian_Fuzhou_cp01,SRP276968,leaves,KFC2411,cp01
SRR12425416,missing,RAD-Seq,96,236022528,PRJNA656315,SAMN15778179,Plant,154311533,ACADEMIA SINICA,public,not applicable,"fastq,run.zq,sra","s3,gs,ncbi","gs.us-east1,ncbi.public,s3.us-east-1",missing,not applicable,SRX8921349,Taiwan,Asia,"Taiwan: Fenggang Township\, Pingtung County",Illumina HiSeq 2500,PFK02-2,22.21062 N 120.70404 E,LGL16_KC02_500bp_L2_PFK02_2,SINGLE,Restriction Digest,GENOMIC,Broussonetia papyrifera,ILLUMINA,2024-08-05T00:00:00Z,2020-08-10T21:15:00Z,1,PFK02_2_Taiwan_Pingtung_cp17,SRP276968,leaves,PFK02,p17
SRR12425417,missing,RAD-Seq,96,158553984,PRJNA656315,SAMN15778178,Plant,104742811,ACADEMIA SINICA,public,not applicable,"sra,fastq,run.zq","gs,ncbi,s3","ncbi.public,s3.us-east-1,gs.us-east1",missing,not applicable,SRX8921348,Taiwan,Asia,"Taiwan: Zuozhen District\, Tainan City",Illumina HiSeq 2500,LYH81,23.05627833 N 120.4004127 E,LGL16_KC02_500bp_L2_LYH81,SINGLE,Restriction Digest,GENOMIC,Broussonetia papyrifera,ILLUMINA,2024-08-05T00:00:00Z,2020-08-10T21:15:00Z,1,LYH81_Taiwan_Tainan_cp16,SRP276968,leaves,LYH81,cp16
SRR12425418,missing,RAD-Seq,96,223269504,PRJNA656315,SAMN15778177,Plant,144489597,ACADEMIA SINICA,public,not applicable,"sra,fastq,run.zq","gs,ncbi,s3","ncbi.public,gs.us-east1,s3.us-east-1",missing,not applicable,SRX8921347,Taiwan,Asia,"Taiwan: National Chiayi University\, East District\, Chiayi City\, Chiayi County",Illumina HiSeq 2500,SongNCYU-1,23.470059 N 120.482866 E,LGL16_KC02_500bp_L2_SongNCYU_1,SINGLE,Restriction Digest,GENOMIC,Broussonetia papyrifera,ILLUMINA,2024-08-05T00:00:00Z,2020-08-10T21:15:00Z,1,SongNCYU_1_Taiwan_Chiayi_cp09,SRP276968,leaves,SongNCYU,cp09
SRR12425419,missing,RAD-Seq,96,172394400,PRJNA656315,SAMN15778176,Plant,112250949,ACADEMIA SINICA,public,not applicable,"run.zq,fastq,sra","ncbi,s3,gs","gs.us-east1,ncbi.public,s3.us-east-1",missing,not applicable,SRX8921346,Taiwan,Asia,"Taiwan: Hengchun Township\, Pingtung County",Illumina HiSeq 2500,PHC01-2,21.9925 N 120.7346667 E,LGL16_KC02_500bp_L2_PHC01_2,SINGLE,Restriction Digest,GENOMIC,Broussonetia papyrifera,ILLUMINA,2024-08-05T00:00:00Z,2020-08-10T21:15:00Z,1,PHC01_2_Taiwan_Pingtung_cp09,SRP276968,leaves,PHC01,cp09
SRR12425420,missing,RAD-Seq,96,277462272,PRJNA656315,SAMN15778175,Plant,177403689,ACADEMIA SINICA,public,not applicable,"run.zq,fastq,sra","s3,gs,ncbi","gs.us-east1,s3.us-east-1,ncbi.public",missing,not applicable,SRX8921345,Taiwan,Asia,"Taiwan: Fenglin Township\, Hualien County",Illumina HiSeq 2500,KFC3054-1,23.68350278 N 121.4115667 E,LGL16_KC02_500bp_L2_KFC3054_1,SINGLE,Restriction Digest,GENOMIC,Broussonetia papyrifera,ILLUMINA,2024-08-05T00:00:00Z,2020-08-10T21:15:00Z,1,KFC3054_1_Taiwan_Hualien_cp52,SRP276968,leaves,KFC3054,cp52
SRR12425421,missing,RAD-Seq,96,200159136,PRJNA656315,SAMN15778174,Plant,130380896,ACADEMIA SINICA,public,not applicable,"run.zq,sra,fastq","gs,ncbi,s3","s3.us-east-1,ncbi.public,gs.us-east1",missing,not applicable,SRX8921344,Taiwan,Asia,"Taiwan: Fenglin Township\, Hualien County",Illumina HiSeq 2500,KFC3051-1,23.79214722 N 121.4610528 E,LGL16_KC02_500bp_L2_KFC3051_1,SINGLE,Restriction Digest,GENOMIC,Broussonetia papyrifera,ILLUMINA,2024-08-05T00:00:00Z,2020-08-10T21:15:00Z,1,KFC3051_1_Taiwan_Hualien_cp06,SRP276968,leaves,KFC3051,cp06
SRR12425422,missing,RAD-Seq,96,308962560,PRJNA656315,SAMN15778173,Plant,195274995,ACADEMIA SINICA,public,not applicable,"fastq,run.zq,sra","ncbi,gs,s3","ncbi.public,s3.us-east-1,gs.us-east1",missing,not applicable,SRX8921343,Taiwan,Asia,"Taiwan: Fuli Township\, Hualien County",Illumina HiSeq 2500,KFC3104-1,23.21766111 N 121.2965917 E,LGL16_KC02_500bp_L2_KFC3104_1,SINGLE,Restriction Digest,GENOMIC,Broussonetia papyrifera,ILLUMINA,2024-08-05T00:00:00Z,2020-08-10T21:15:00Z,1,KFC3104_1_Taiwan_Hualien_cp05,SRP276968,leaves,KFC3104,cp05
SRR12425423,missing,RAD-Seq,96,163150944,PRJNA656315,SAMN15778172,Plant,105394272,ACADEMIA SINICA,public,not applicable,"run.zq,sra,fastq","s3,gs,ncbi","ncbi.public,s3.us-east-1,gs.us-east1",missing,not applicable,SRX8921342,Taiwan,Asia,"Taiwan: Fuli Township\, Hualien County",Illumina HiSeq 2500,KFC3064-1,23.14498056 N 121.2810222 E,LGL16_KC02_500bp_L2_KFC3064_1,SINGLE,Restriction Digest,GENOMIC,Broussonetia papyrifera,ILLUMINA,2024-08-05T00:00:00Z,2020-08-10T21:15:00Z,1,KFC3064_1_Taiwan_Hualien_cp05,SRP276968,leaves,KFC3064,cp05
SRR12425424,missing,RAD-Seq,96,246749856,PRJNA656315,SAMN15778127,Plant,160027464,ACADEMIA SINICA,public,not applicable,"run.zq,fastq,sra","gs,ncbi,s3","gs.us-east1,s3.us-east-1,ncbi.public",missing,not applicable,SRX8921341,Taiwan,Asia,"Taiwan: Tongluo Township\, Miaoli County",Illumina HiSeq 2500,KFC3442-1,24.46402157 N 120.781213 E,LGL16_KC01_503bp_L1_KFC3442_1,SINGLE,Restriction Digest,GENOMIC,Broussonetia papyrifera,ILLUMINA,2024-08-05T00:00:00Z,2020-08-10T21:15:00Z,1,KFC3442_1_Taiwan_Miaoli_cp01,SRP276968,leaves,KFC3442,cp01
SRR12425425,missing,RAD-Seq,96,276942816,PRJNA656315,SAMN15778171,Plant,176253063,ACADEMIA SINICA,public,not applicable,"fastq,sra,run.zq","gs,s3,ncbi","gs.us-east1,s3.us-east-1,ncbi.public",missing,not applicable,SRX8921340,Taiwan,Asia,"Taiwan: Fengbin Township\, Hualien County",Illumina HiSeq 2500,KFC3058-1,23.45135556 N 121.4963722 E,LGL16_KC02_500bp_L2_KFC3058_1,SINGLE,Restriction Digest,GENOMIC,Broussonetia papyrifera,ILLUMINA,2024-08-05T00:00:00Z,2020-08-10T21:15:00Z,1,KFC3058_1_Taiwan_Hualien_cp01,SRP276968,leaves,KFC3058,cp01
SRR12425426,missing,RAD-Seq,96,211144416,PRJNA656315,SAMN15778170,Plant,135541614,ACADEMIA SINICA,public,not applicable,"fastq,run.zq,sra","s3,gs,ncbi","s3.us-east-1,gs.us-east1,ncbi.public",missing,not applicable,SRX8921339,Taiwan,Asia,"Taiwan: Nan'ao Township\, Yilan County",Illumina HiSeq 2500,LYH63,24.42756 N 121.695287 E,LGL16_KC02_500bp_L2_LYH63,SINGLE,Restriction Digest,GENOMIC,Broussonetia papyrifera,ILLUMINA,2024-08-05T00:00:00Z,2020-08-10T21:15:00Z,1,LYH63_Taiwan_Yilan_cp01,SRP276968,leaves,LYH63,cp01
SRR12425427,missing,RAD-Seq,96,295199808,PRJNA656315,SAMN15778169,Plant,191927238,ACADEMIA SINICA,public,not applicable,"run.zq,sra,fastq","gs,ncbi,s3","gs.us-east1,ncbi.public,s3.us-east-1",missing,not applicable,SRX8921338,China,Asia,"China: Liandu\, Lishui\, Zhejiang Province",Illumina HiSeq 2500,KFC3374-3,28.44347222 N 119.8746389 E,LGL16_KC01_503bp_L1_KFC3374_3,SINGLE,Restriction Digest,GENOMIC,Broussonetia papyrifera,ILLUMINA,2024-08-05T00:00:00Z,2020-08-10T21:15:00Z,1,KFC3374_3_Zhejiang_Lishui_cp22,SRP276968,leaves,KFC3374,cp22
SRR12425428,missing,RAD-Seq,96,279117216,PRJNA656315,SAMN15778168,Plant,179722142,ACADEMIA SINICA,public,not applicable,"sra,fastq,run.zq","gs,s3,ncbi","ncbi.public,gs.us-east1,s3.us-east-1",missing,not applicable,SRX8921337,China,Asia,"China: Xianju\, Taizhou\, Zhejiang Province",Illumina HiSeq 2500,HHH239,28.851899 N 120.749226 E,LGL16_KC01_503bp_L1_HHH239,SINGLE,Restriction Digest,GENOMIC,Broussonetia papyrifera,ILLUMINA,2024-08-05T00:00:00Z,2020-08-10T21:15:00Z,1,HHH239_Zhejiang_Xianju_cp01,SRP276968,leaves,HHH239,cp01
SRR12425429,missing,RAD-Seq,96,204239904,PRJNA656315,SAMN15778167,Plant,133141690,ACADEMIA SINICA,public,not applicable,"fastq,sra,run.zq","ncbi,s3,gs","ncbi.public,gs.us-east1,s3.us-east-1",missing,not applicable,SRX8921336,China,Asia,"China: Dongyang\, Jinhua\, Zhejiang Province",Illumina HiSeq 2500,KFC3393-3,29.30261111 N 120.4036944 E,LGL16_KC01_503bp_L1_KFC3393_3,SINGLE,Restriction Digest,GENOMIC,Broussonetia papyrifera,ILLUMINA,2024-08-05T00:00:00Z,2020-08-10T21:46:00Z,1,KFC3393_3_Zhejiang_Dongyang_cp01,SRP276968,leaves,KFC3393,cp01
SRR12425430,missing,RAD-Seq,96,194489952,PRJNA656315,SAMN15778166,Plant,127568564,ACADEMIA SINICA,public,not applicable,"run.zq,fastq,sra","s3,gs,ncbi","ncbi.public,gs.us-east1,s3.us-east-1",missing,not applicable,SRX8921335,China,Asia,"China: Xianju\, Taizhou\, Zhejiang Province",Illumina HiSeq 2500,KFC3382-3,28.74194444 N 120.5631667 E,LGL16_KC01_503bp_L1_KFC3382_3,SINGLE,Restriction Digest,GENOMIC,Broussonetia papyrifera,ILLUMINA,2024-08-05T00:00:00Z,2020-08-10T21:15:00Z,1,KFC3382_3_Zhejiang_Xianju_cp28,SRP276968,leaves,KFC3382,cp28
SRR12425431,missing,RAD-Seq,96,243583872,PRJNA656315,SAMN15778165,Plant,157221673,ACADEMIA SINICA,public,not applicable,"fastq,sra,run.zq","ncbi,s3,gs","ncbi.public,s3.us-east-1,gs.us-east1",missing,not applicable,SRX8921334,China,Asia,"China: Xianju\, Taizhou\, Zhejiang Province",Illumina HiSeq 2500,KFC3382-1,28.74194444 N 120.5631667 E,LGL16_KC01_503bp_L1_KFC3382_1,SINGLE,Restriction Digest,GENOMIC,Broussonetia papyrifera,ILLUMINA,2024-08-05T00:00:00Z,2020-08-10T21:15:00Z,1,KFC3382_1_Zhejiang_Xianju_cp28,SRP276968,leaves,KFC3382,cp28
SRR12425432,missing,RAD-Seq,96,232017600,PRJNA656315,SAMN15778164,Plant,150532549,ACADEMIA SINICA,public,not applicable,"sra,fastq,run.zq","s3,ncbi,gs","gs.us-east1,s3.us-east-1,ncbi.public",missing,not applicable,SRX8921333,China,Asia,"China: Disu\, Duan\, Guangxi Province",Illumina HiSeq 2500,Peng24861-1,23.93475 N 108.02455 E,LGL16_KC01_503bp_L1_Peng24861_1,SINGLE,Restriction Digest,GENOMIC,Broussonetia papyrifera,ILLUMINA,2024-08-05T00:00:00Z,2020-08-10T21:46:00Z,1,Peng24861_1_Guangxi_Duan_cp34,SRP276968,leaves,HAST: Ching-I Peng 24861,cp34
SRR12425433,missing,RAD-Seq,96,266565888,PRJNA656315,SAMN15778163,Plant,171585384,ACADEMIA SINICA,public,not applicable,"sra,run.zq,fastq","ncbi,gs,s3","gs.us-east1,ncbi.public,s3.us-east-1",missing,not applicable,SRX8921332,China,Asia,"China: Fangcheng\, Fangchenggang\, Guangxi Province",Illumina HiSeq 2500,Peng24763-1,21.69433333 N 108.09425 E,LGL16_KC01_503bp_L1_Peng24763_1,SINGLE,Restriction Digest,GENOMIC,Broussonetia papyrifera,ILLUMINA,2024-08-05T00:00:00Z,2020-08-10T21:46:00Z,1,Peng24763_1_Guangxi_Fangchenggang_cp32,SRP276968,leaves,HAST: Ching-I Peng 24763,cp32
SRR12425434,missing,RAD-Seq,96,288451680,PRJNA656315,SAMN15778162,Plant,187387328,ACADEMIA SINICA,public,not applicable,"fastq,sra,run.zq","gs,s3,ncbi","s3.us-east-1,gs.us-east1,ncbi.public",missing,not applicable,SRX8921331,China,Asia,"China: Dongmiao\, Duan\, Guangxi Province",Illumina HiSeq 2500,Peng24860,23.93316667 N 107.9779833 E,LGL16_KC01_503bp_L1_Peng24860,SINGLE,Restriction Digest,GENOMIC,Broussonetia papyrifera,ILLUMINA,2024-08-05T00:00:00Z,2020-08-10T21:15:00Z,1,Peng24860_Guangxi_Duan_cp21,SRP276968,leaves,HAST: Ching-I Peng 24860,cp21
SRR12425435,missing,RAD-Seq,96,183971232,PRJNA656315,SAMN15778126,Plant,121448416,ACADEMIA SINICA,public,not applicable,"sra,fastq,run.zq","ncbi,s3,gs","ncbi.public,s3.us-east-1,gs.us-east1",missing,not applicable,SRX8921330,Taiwan,Asia,"Taiwan: Nantou City\, Nantou County",Illumina HiSeq 2500,KCF3437-1,23.91921161 N 120.6835475 E,LGL16_KC01_503bp_L1_KCF3437_1,SINGLE,Restriction Digest,GENOMIC,Broussonetia papyrifera,ILLUMINA,2024-08-05T00:00:00Z,2020-08-10T21:46:00Z,1,KCF3437_1_Taiwan_Nantou_cp01,SRP276968,leaves,KCF3437,cp01
SRR12425436,missing,RAD-Seq,96,153515808,PRJNA656315,SAMN15778161,Plant,101399515,ACADEMIA SINICA,public,not applicable,"run.zq,sra,fastq","gs,ncbi,s3","ncbi.public,gs.us-east1,s3.us-east-1",missing,not applicable,SRX8921329,China,Asia,"China: Licheng\, Quanzhou\, Fujian Province",Illumina HiSeq 2500,LYH105-1,24.91458398 N 118.5798026 E,LGL16_KC01_503bp_L1_LYH105_1,SINGLE,Restriction Digest,GENOMIC,Broussonetia papyrifera,ILLUMINA,2024-08-05T00:00:00Z,2020-08-10T21:15:00Z,1,LYH105_1_Fujian_Quanzhou_cp34,SRP276968,leaves,LYH105,cp34
SRR12425437,missing,RAD-Seq,96,270147456,PRJNA656315,SAMN15778160,Plant,174403093,ACADEMIA SINICA,public,not applicable,"run.zq,sra,fastq","s3,gs,ncbi","gs.us-east1,ncbi.public,s3.us-east-1",missing,not applicable,SRX8921328,China,Asia,"China: Jinjiang\, Quanzhou\, Fujian Province",Illumina HiSeq 2500,LYH109-4,24.87840191 N 118.5780777 E,LGL16_KC01_503bp_L1_LYH109_4,SINGLE,Restriction Digest,GENOMIC,Broussonetia papyrifera,ILLUMINA,2024-08-05T00:00:00Z,2020-08-10T21:46:00Z,1,LYH109_4_Fujian_Quanzhou_cp20,SRP276968,leaves,LYH109,cp20
SRR12425438,missing,RAD-Seq,96,224570208,PRJNA656315,SAMN15778159,Plant,145844531,ACADEMIA SINICA,public,not applicable,"run.zq,sra,fastq","gs,ncbi,s3","gs.us-east1,s3.us-east-1,ncbi.public",missing,not applicable,SRX8921327,China,Asia,"China: Xiangcheng\, Zhangzhou\, Fujian Province",Illumina HiSeq 2500,LYH101-4,24.51742477 N 117.6268844 E,LGL16_KC01_503bp_L1_LYH101_4,SINGLE,Restriction Digest,GENOMIC,Broussonetia papyrifera,ILLUMINA,2024-08-05T00:00:00Z,2020-08-10T21:15:00Z,1,LYH101_4_Fujian_Zhangzhou_cp20,SRP276968,leaves,LYH101,cp20
SRR12425439,missing,RAD-Seq,96,360088128,PRJNA656315,SAMN15778158,Plant,224330661,ACADEMIA SINICA,public,not applicable,"run.zq,fastq,sra","ncbi,gs,s3","s3.us-east-1,gs.us-east1,ncbi.public",missing,not applicable,SRX8921326,China,Asia,"China: Siming\, Xiamen\, Fujian Province",Illumina HiSeq 2500,LYH95-2,24.463566 N 118.079548 E,LGL16_KC01_503bp_L1_LYH95_2,SINGLE,Restriction Digest,GENOMIC,Broussonetia papyrifera,ILLUMINA,2024-08-05T00:00:00Z,2020-08-10T21:16:00Z,1,LYH95_2_Fujian_Xiamen_cp20,SRP276968,leaves,LYH95,cp20
SRR12425440,missing,RAD-Seq,96,151888128,PRJNA656315,SAMN15778157,Plant,100104088,ACADEMIA SINICA,public,not applicable,"run.zq,fastq,sra","s3,ncbi,gs","gs.us-east1,ncbi.public,s3.us-east-1",missing,not applicable,SRX8921325,China,Asia,"China: Siming\, Xiamen\, Fujian Province",Illumina HiSeq 2500,LYH96-4,24.47065618 N 118.1145879 E,LGL16_KC01_503bp_L1_LYH96_4,SINGLE,Restriction Digest,GENOMIC,Broussonetia papyrifera,ILLUMINA,2024-08-05T00:00:00Z,2020-08-10T21:15:00Z,1,LYH96_4_Fujian_Xiamen_cp40,SRP276968,leaves,LYH96,cp40
SRR12425441,missing,RAD-Seq,96,161283840,PRJNA656315,SAMN15778156,Plant,106275709,ACADEMIA SINICA,public,not applicable,"fastq,sra,run.zq","gs,s3,ncbi","gs.us-east1,s3.us-east-1,ncbi.public",missing,not applicable,SRX8921324,China,Asia,"China: Longhai\, Zhangzhou\, Fujian Province",Illumina HiSeq 2500,LYH99-4,24.47678846 N 117.7487124 E,LGL16_KC01_503bp_L1_LYH99_4,SINGLE,Restriction Digest,GENOMIC,Broussonetia papyrifera,ILLUMINA,2024-08-05T00:00:00Z,2020-08-10T21:15:00Z,1,LYH99_4_Fujian_Zhangzhou_cp29,SRP276968,leaves,LYH99,cp29
SRR12425442,missing,RAD-Seq,96,239048352,PRJNA656315,SAMN15778155,Plant,155692653,ACADEMIA SINICA,public,not applicable,"run.zq,fastq,sra","gs,s3,ncbi","gs.us-east1,ncbi.public,s3.us-east-1",missing,not applicable,SRX8921323,China,Asia,"China: Fengze\, Quanzhou\, Fujian Province",Illumina HiSeq 2500,LYH106-5,24.92418336 N 118.6049899 E,LGL16_KC01_503bp_L1_LYH106_5,SINGLE,Restriction Digest,GENOMIC,Broussonetia papyrifera,ILLUMINA,2024-08-05T00:00:00Z,2020-08-10T21:16:00Z,1,LYH106_5_Fujian_Quanzhou_CloseTocp01,SRP276968,leaves,LYH106,CloseTocp01
SRR12425443,missing,RAD-Seq,96,146752512,PRJNA656315,SAMN15778154,Plant,96867340,ACADEMIA SINICA,public,not applicable,"run.zq,fastq,sra","ncbi,gs,s3","gs.us-east1,s3.us-east-1,ncbi.public",missing,not applicable,SRX8921322,China,Asia,"China: Xiangcheng\, Zhangzhou\, Fujian Province",Illumina HiSeq 2500,LYH101-5,24.51742477 N 117.6268844 E,LGL16_KC01_503bp_L1_LYH101_5,SINGLE,Restriction Digest,GENOMIC,Broussonetia papyrifera,ILLUMINA,2024-08-05T00:00:00Z,2020-08-10T21:15:00Z,1,LYH101_5_Fujian_Zhangzhou_cp01,SRP276968,leaves,LYH101,cp01
SRR12425444,missing,RAD-Seq,96,132417696,PRJNA656315,SAMN15778153,Plant,87819242,ACADEMIA SINICA,public,not applicable,"sra,run.zq,fastq","gs,s3,ncbi","gs.us-east1,s3.us-east-1,ncbi.public",missing,not applicable,SRX8921321,China,Asia,"China: Longhai\, Zhangzhou\, Fujian Province",Illumina HiSeq 2500,LYH100-3,24.477333 N 117.735074 E,LGL16_KC01_503bp_L1_LYH100_3,SINGLE,Restriction Digest,GENOMIC,Broussonetia papyrifera,ILLUMINA,2024-08-05T00:00:00Z,2020-08-10T21:15:00Z,1,LYH100_3_Fujian_Zhangzhou_cp01,SRP276968,leaves,LYH100,cp01
SRR12425445,missing,RAD-Seq,96,133440768,PRJNA656315,SAMN15778152,Plant,88367505,ACADEMIA SINICA,public,not applicable,"run.zq,fastq,sra","ncbi,s3,gs","s3.us-east-1,ncbi.public,gs.us-east1",missing,not applicable,SRX8921320,China,Asia,"China: Siming\, Xiamen\, Fujian Province",Illumina HiSeq 2500,LYH97-3,24.46586634 N 118.1202001 E,LGL16_KC01_503bp_L1_LYH97_3,SINGLE,Restriction Digest,GENOMIC,Broussonetia papyrifera,ILLUMINA,2024-08-05T00:00:00Z,2020-08-10T21:15:00Z,1,LYH97_3_Fujian_Xiamen_cp01,SRP276968,leaves,LYH97,cp01
SRR12425446,missing,RAD-Seq,96,226693824,PRJNA656315,SAMN15778125,Plant,146324358,ACADEMIA SINICA,public,not applicable,"fastq,run.zq,sra","ncbi,s3,gs","ncbi.public,gs.us-east1,s3.us-east-1",missing,not applicable,SRX8921319,Taiwan,Asia,"Taiwan: Zhunan Township\, Miaoli County",Illumina HiSeq 2500,KFC3431-1,24.68228892 N 120.8473619 E,LGL16_KC01_503bp_L1_KFC3431_1,SINGLE,Restriction Digest,GENOMIC,Broussonetia papyrifera,ILLUMINA,2024-08-05T00:00:00Z,2020-08-10T21:46:00Z,1,KFC3431_1_Taiwan_Miaoli_cp01,SRP276968,leaves,KFC3431,cp01
SRR12425447,missing,RAD-Seq,96,204583776,PRJNA656315,SAMN15778151,Plant,133651876,ACADEMIA SINICA,public,not applicable,"fastq,run.zq,sra","s3,ncbi,gs","ncbi.public,gs.us-east1,s3.us-east-1",missing,not applicable,SRX8921318,Taiwan,Asia,"Taiwan: Nanhua District\, Tainan City",Illumina HiSeq 2500,NNH01-1,23.08113 N 120.49551 E,LGL16_KC01_503bp_L1_NNH01_1,SINGLE,Restriction Digest,GENOMIC,Broussonetia papyrifera,ILLUMINA,2024-08-05T00:00:00Z,2020-08-10T21:15:00Z,1,NNH01_1_Taiwan_Tainan_cp54,SRP276968,leaves,NNH01,cp54
SRR12425448,missing,RAD-Seq,96,282581856,PRJNA656315,SAMN15778150,Plant,182832617,ACADEMIA SINICA,public,not applicable,"sra,run.zq,fastq","ncbi,gs,s3","s3.us-east-1,ncbi.public,gs.us-east1",missing,not applicable,SRX8921317,Taiwan,Asia,"Taiwan: Hemei Township\, Changhua County",Illumina HiSeq 2500,KFC3435-1,24.1342241 N 120.5236144 E,LGL16_KC01_503bp_L1_KFC3435_1,SINGLE,Restriction Digest,GENOMIC,Broussonetia papyrifera,ILLUMINA,2024-08-05T00:00:00Z,2020-08-10T21:16:00Z,1,KFC3435_1_Taiwan_Changhua_cp50,SRP276968,leaves,KFC3435,cp50
SRR12425449,missing,RAD-Seq,96,261265728,PRJNA656315,SAMN15778149,Plant,169554769,ACADEMIA SINICA,public,not applicable,"sra,fastq,run.zq","ncbi,s3,gs","gs.us-east1,ncbi.public,s3.us-east-1",missing,not applicable,SRX8921316,Taiwan,Asia,"Taiwan: Manjhou Township\, Pingtung County",Illumina HiSeq 2500,PMJ04-1,22.02671111 N 120.8364694 E,LGL16_KC01_503bp_L1_PMJ04_1,SINGLE,Restriction Digest,GENOMIC,Broussonetia papyrifera,ILLUMINA,2024-08-05T00:00:00Z,2020-08-10T21:16:00Z,1,PMJ04_1_Taiwan_Pingtung_cp17,SRP276968,leaves,PMJ04,cp17
SRR12425450,missing,RAD-Seq,96,212476608,PRJNA656315,SAMN15778148,Plant,138505810,ACADEMIA SINICA,public,not applicable,"sra,run.zq,fastq","s3,gs,ncbi","ncbi.public,gs.us-east1,s3.us-east-1",missing,not applicable,SRX8921315,Taiwan,Asia,"Taiwan: Fenggang Township\, Pingtung County",Illumina HiSeq 2500,PFK03-3,22.20721 N 120.69447 E,LGL16_KC01_503bp_L1_PFK03_3,SINGLE,Restriction Digest,GENOMIC,Broussonetia papyrifera,ILLUMINA,2024-08-05T00:00:00Z,2020-08-10T21:16:00Z,1,PFK03_3_Taiwan_Pingtung_cp17,SRP276968,leaves,PFK03,cp17
SRR12425451,missing,RAD-Seq,96,78897696,PRJNA656315,SAMN15778147,Plant,53331590,ACADEMIA SINICA,public,not applicable,"run.zq,fastq,sra","ncbi,s3,gs","s3.us-east-1,ncbi.public,gs.us-east1",missing,not applicable,SRX8921314,Taiwan,Asia,"Taiwan: Fangshan Township\, Pingtung County",Illumina HiSeq 2500,PFS01-5,22.24251 N 120.66661 E,LGL16_KC01_503bp_L1_PFS01_5,SINGLE,Restriction Digest,GENOMIC,Broussonetia papyrifera,ILLUMINA,2024-08-05T00:00:00Z,2020-08-10T21:15:00Z,1,PFS01_5_Taiwan_Pingtung_cp17,SRP276968,leaves,PFS01,cp17
SRR12425452,missing,RAD-Seq,96,166663680,PRJNA656315,SAMN15778146,Plant,108657721,ACADEMIA SINICA,public,not applicable,"sra,run.zq,fastq","ncbi,gs,s3","gs.us-east1,s3.us-east-1,ncbi.public",missing,not applicable,SRX8921313,Taiwan,Asia,"Taiwan: Fangshan Township\, Pingtung County",Illumina HiSeq 2500,PFS01-1,22.24328 N 120.66547 E,LGL16_KC01_503bp_L1_PFS01_1,SINGLE,Restriction Digest,GENOMIC,Broussonetia papyrifera,ILLUMINA,2024-08-05T00:00:00Z,2020-08-10T21:15:00Z,1,PFS01_1_Taiwan_Pingtung_cp17,SRP276968,leaves,PFS01,cp17
SRR12425453,missing,RAD-Seq,96,214274880,PRJNA656315,SAMN15778145,Plant,138656427,ACADEMIA SINICA,public,not applicable,"run.zq,sra,fastq","gs,ncbi,s3","gs.us-east1,ncbi.public,s3.us-east-1",missing,not applicable,SRX8921312,Taiwan,Asia,"Taiwan: Taiwu Township\, Pingtung County",Illumina HiSeq 2500,PTW03-1,22.58956 N 120.64014 E,LGL16_KC01_503bp_L1_PTW03_1,SINGLE,Restriction Digest,GENOMIC,Broussonetia papyrifera,ILLUMINA,2024-08-05T00:00:00Z,2020-08-10T21:16:00Z,1,PTW03_1_Taiwan_Pingtung_cp17,SRP276968,leaves,PTW03,cp17
SRR12425454,missing,RAD-Seq,96,209704416,PRJNA656315,SAMN15778144,Plant,135908903,ACADEMIA SINICA,public,not applicable,"fastq,run.zq,sra","gs,ncbi,s3","s3.us-east-1,gs.us-east1,ncbi.public",missing,not applicable,SRX8921311,Taiwan,Asia,"Taiwan: Liukuaicuo\, Pingtung City\, Pingtung County",Illumina HiSeq 2500,PLB01-3,22.66074 N 120.44414 E,LGL16_KC01_503bp_L1_PLB01_3,SINGLE,Restriction Digest,GENOMIC,Broussonetia papyrifera,ILLUMINA,2024-08-05T00:00:00Z,2020-08-10T21:16:00Z,1,PLB01_3_Taiwan_Pingtung_cp17,SRP276968,leaves,PLB01,cp17
SRR12425455,missing,RAD-Seq,96,170448480,PRJNA656315,SAMN15778143,Plant,111517053,ACADEMIA SINICA,public,not applicable,"run.zq,fastq,sra","s3,ncbi,gs","s3.us-east-1,gs.us-east1,ncbi.public",missing,not applicable,SRX8921310,Taiwan,Asia,"Taiwan: Chenggong Township\, Taitung County",Illumina HiSeq 2500,TCK01-1,23.18452222 N 121.3957139 E,LGL16_KC01_503bp_L1_TCK01_1,SINGLE,Restriction Digest,GENOMIC,Broussonetia papyrifera,ILLUMINA,2024-08-05T00:00:00Z,2020-08-10T21:46:00Z,1,TCK01_1_Taiwan_Taitung_cp16,SRP276968,leaves,TCK01,cp16
SRR12425456,missing,RAD-Seq,96,197762208,PRJNA656315,SAMN15778142,Plant,128735256,ACADEMIA SINICA,public,not applicable,"fastq,sra,run.zq","ncbi,gs,s3","ncbi.public,gs.us-east1,s3.us-east-1",missing,not applicable,SRX8921309,Taiwan,Asia,"Taiwan: Taitung City\, Taitung County",Illumina HiSeq 2500,TTD01-1,22.79518611 N 121.1173583 E,LGL16_KC01_503bp_L1_TTD01_1,SINGLE,Restriction Digest,GENOMIC,Broussonetia papyrifera,ILLUMINA,2024-08-05T00:00:00Z,2020-08-10T21:16:00Z,1,TTD01_1_Taiwan_Taitung_cp16,SRP276968,leaves,TTD01,cp16
SRR12425457,missing,RAD-Seq,96,162494496,PRJNA656315,SAMN15778124,Plant,105980707,ACADEMIA SINICA,public,not applicable,"fastq,sra,run.zq","gs,s3,ncbi","ncbi.public,s3.us-east-1,gs.us-east1",missing,not applicable,SRX8921308,Taiwan,Asia,"Taiwan: Qionglin Township\, Hsinchu County",Illumina HiSeq 2500,KFC3429-1,24.76425405 N 121.085122 E,LGL16_KC01_503bp_L1_KFC3429_1,SINGLE,Restriction Digest,GENOMIC,Broussonetia papyrifera,ILLUMINA,2024-08-05T00:00:00Z,2020-08-10T21:16:00Z,1,KFC3429_1_Taiwan_Hsinchu_cp01,SRP276968,leaves,KFC3429,cp01
SRR12425458,missing,RAD-Seq,96,154301472,PRJNA656315,SAMN15778141,Plant,100591704,ACADEMIA SINICA,public,not applicable,"run.zq,sra,fastq","gs,ncbi,s3","gs.us-east1,s3.us-east-1,ncbi.public",missing,not applicable,SRX8921307,Taiwan,Asia,"Taiwan: Yujing District\, Tainan City",Illumina HiSeq 2500,NYJ02-1,23.10689 N 120.47954 E,LGL16_KC01_503bp_L1_NYJ02_1,SINGLE,Restriction Digest,GENOMIC,Broussonetia papyrifera,ILLUMINA,2024-08-05T00:00:00Z,2020-08-10T21:15:00Z,1,NYJ02_1_Taiwan_Tainan_cp16,SRP276968,leaves,NYJ02,cp16
SRR12425459,missing,RAD-Seq,96,215751456,PRJNA656315,SAMN15778140,Plant,139915735,ACADEMIA SINICA,public,not applicable,"sra,fastq,run.zq","s3,ncbi,gs","gs.us-east1,s3.us-east-1,ncbi.public",missing,not applicable,SRX8921306,Taiwan,Asia,"Taiwan: Liukuaicuo\, Pingtung City\, Pingtung County",Illumina HiSeq 2500,PLG02-1,22.66696 N 120.4506 E,LGL16_KC01_503bp_L1_PLG02_1,SINGLE,Restriction Digest,GENOMIC,Broussonetia papyrifera,ILLUMINA,2024-08-05T00:00:00Z,2020-08-10T21:16:00Z,1,PLG02_1_Taiwan_Pingtung_cp16,SRP276968,leaves,PLG02,cp16
SRR12425460,missing,RAD-Seq,95,1458434870,PRJNA656315,SAMN15778292,Plant,1133593125,ACADEMIA SINICA,public,not applicable,"fastq,run.zq,sra","gs,s3,ncbi","gs.us-east1,s3.us-east-1,ncbi.public",missing,not applicable,SRX8921305,Tonga,Oceania,"Tonga: Liahona\, Tongatapu",Illumina HiSeq 2500,LYH8-1,21.16082568 S 175.2806604 W,Test_Run_LYH8_1,SINGLE,Restriction Digest,GENOMIC,Broussonetia papyrifera,ILLUMINA,2024-08-05T00:00:00Z,2020-08-10T21:18:00Z,1,LYH8_1_Tonga_Tongatapu_cp17,SRP276968,leaves,LYH8,cp17
SRR12425461,missing,RAD-Seq,96,251437536,PRJNA656315,SAMN15778139,Plant,160590136,ACADEMIA SINICA,public,not applicable,"run.zq,sra,fastq","ncbi,gs,s3","s3.us-east-1,gs.us-east1,ncbi.public",missing,not applicable,SRX8921304,Taiwan,Asia,"Taiwan: Hongtou\, Lanyu Township\, Taitung County",Illumina HiSeq 2500,LYH91,22.027815 N 121.553411 E,LGL16_KC01_503bp_L1_LYH91,SINGLE,Restriction Digest,GENOMIC,Broussonetia papyrifera,ILLUMINA,2024-08-05T00:00:00Z,2020-08-10T21:16:00Z,1,LYH91_Taiwan_Taitung_Lanyu_cp16,SRP276968,leaves,LYH91,cp16
SRR12425462,missing,RAD-Seq,95,3532993380,PRJNA656315,SAMN15778291,Plant,2602782041,ACADEMIA SINICA,public,not applicable,"run.zq,fastq,sra","ncbi,s3,gs","s3.us-east-1,gs.us-east1,ncbi.public",missing,not applicable,SRX8921303,Taiwan,Asia,"Taiwan: Luodong Township\, Yilan County",Illumina HiSeq 2500,KFC2668-3,24.6859 N 121.7514 E,Test_Run_KFC2668_3,SINGLE,Restriction Digest,GENOMIC,Broussonetia papyrifera,ILLUMINA,2024-08-05T00:00:00Z,2020-08-10T21:24:00Z,1,KFC2668_3_Taiwan_Yilan_cp01,SRP276968,leaves,KFC2668,cp01
SRR12425463,missing,RAD-Seq,96,192868704,PRJNA656315,SAMN15778290,Plant,119298253,ACADEMIA SINICA,public,not applicable,"fastq,sra,run.zq","ncbi,gs,s3","s3.us-east-1,gs.us-east1,ncbi.public",missing,not applicable,SRX8921302,Indonesia,Asia,"Indonesia: Lengkeka\, Tengah\, Sulawesi",Illumina HiSeq 2500,csc55-1,1.8715 S 120.2105 E,LGL16_KC04_496bp_phix_L4_csc55_1,SINGLE,Restriction Digest,GENOMIC,Broussonetia papyrifera,ILLUMINA,2024-08-05T00:00:00Z,2020-08-10T21:16:00Z,1,csc55_1_Indonesia_Sulawesi_cp17D,SRP276968,leaves,csc55,cp17D
SRR12425464,missing,RAD-Seq,96,124945920,PRJNA656315,SAMN15778289,Plant,78089821,ACADEMIA SINICA,public,not applicable,"fastq,run.zq,sra","s3,gs,ncbi","s3.us-east-1,gs.us-east1,ncbi.public",missing,not applicable,SRX8921301,Philippines,Asia,"Philippines: Los Banos\, Laguna\, Luzon",Illumina HiSeq 2500,KFC2018-3,14.1687 N 121.2428 E,LGL16_KC04_496bp_phix_L4_KFC2018_3,SINGLE,Restriction Digest,GENOMIC,Broussonetia papyrifera,ILLUMINA,2024-08-05T00:00:00Z,2020-08-10T21:15:00Z,1,KFC2018_3_Philippines_Luzon_cp43,SRP276968,leaves,HAST: Kuo-Fang Chung 2018,cp43
SRR12425465,missing,RAD-Seq,96,13064448,PRJNA656315,SAMN15778288,Plant,8592336,ACADEMIA SINICA,public,not applicable,"fastq,run.zq,sra","gs,s3,ncbi","gs.us-east1,s3.us-east-1,ncbi.public",missing,not applicable,SRX8921300,Philippines,Asia,"Philippines: Los Banos\, Laguna\, Luzon",Illumina HiSeq 2500,KFC2018-2,14.1677 N 121.2428 E,LGL16_KC04_496bp_phix_L4_KFC2018_2,SINGLE,Restriction Digest,GENOMIC,Broussonetia papyrifera,ILLUMINA,2024-08-05T00:00:00Z,2020-08-10T21:15:00Z,1,KFC2018_2_Philippines_Luzon_cp20,SRP276968,leaves,HAST: Kuo-Fang Chung 2018,cp20
SRR12425466,missing,RAD-Seq,96,15037824,PRJNA656315,SAMN15778287,Plant,9924423,ACADEMIA SINICA,public,not applicable,"fastq,sra,run.zq","s3,gs,ncbi","s3.us-east-1,ncbi.public,gs.us-east1",missing,not applicable,SRX8921299,Philippines,Asia,"Philippines: Los Banos\, Laguna\, Luzon",Illumina HiSeq 2500,KFC2018-1,14.1667 N 121.2428 E,LGL16_KC04_496bp_phix_L4_KFC2018_1,SINGLE,Restriction Digest,GENOMIC,Broussonetia papyrifera,ILLUMINA,2024-08-05T00:00:00Z,2020-08-10T21:15:00Z,1,KFC2018_1_Philippines_Luzon_cp21,SRP276968,leaves,HAST: Kuo-Fang Chung 2018,cp21
SRR12425467,missing,RAD-Seq,96,365289888,PRJNA656315,SAMN15778286,Plant,216042668,ACADEMIA SINICA,public,not applicable,"run.zq,fastq,sra","ncbi,s3,gs","gs.us-east1,s3.us-east-1,ncbi.public",missing,not applicable,SRX8921298,Thailand,Asia,"Thailand: Nakhon Pathom\, Bangkok",Illumina HiSeq 2500,Phutthai263,13.9381 N 100.106 E,LGL16_KC04_496bp_phix_L4_Phutthai263,SINGLE,Restriction Digest,GENOMIC,Broussonetia papyrifera,ILLUMINA,2024-08-05T00:00:00Z,2020-08-10T21:16:00Z,1,Phutthai263_Thailand_Bangkok_cp20,SRP276968,leaves,Phutthai263,cp20
SRR12425468,missing,RAD-Seq,96,8812704,PRJNA656315,SAMN15778285,Plant,5832952,ACADEMIA SINICA,public,not applicable,"fastq,run.zq,sra","ncbi,gs,s3","ncbi.public,s3.us-east-1,gs.us-east1",missing,not applicable,SRX8921297,Viet Nam,Asia,"Viet Nam: Bac Ninh\, Bac Ninh",Illumina HiSeq 2500,LiuBN3,21.15335 N 106.0325083 E,LGL16_KC04_496bp_phix_L4_LiuBN3,SINGLE,Restriction Digest,GENOMIC,Broussonetia papyrifera,ILLUMINA,2024-08-05T00:00:00Z,2020-08-10T21:15:00Z,1,LiuBN3_Vietnam_BacNinh_cp34,SRP276968,leaves,LiuBN3,cp34
SRR12425469,missing,RAD-Seq,96,9827040,PRJNA656315,SAMN15778284,Plant,6480770,ACADEMIA SINICA,public,not applicable,"fastq,sra,run.zq","s3,ncbi,gs","ncbi.public,gs.us-east1,s3.us-east-1",missing,not applicable,SRX8921296,Viet Nam,Asia,"Viet Nam: Long Bien\, Ha Noi",Illumina HiSeq 2500,LiuLL,21.02877778 N 105.9120417 E,LGL16_KC04_496bp_phix_L4_LiuLL,SINGLE,Restriction Digest,GENOMIC,Broussonetia papyrifera,ILLUMINA,2024-08-05T00:00:00Z,2020-08-10T21:15:00Z,1,LiuLL_Vietnam_HaNoi_cp21,SRP276968,leaves,LiuLL,cp21
SRR12425470,missing,RAD-Seq,96,205946400,PRJNA656315,SAMN15778283,Plant,126721379,ACADEMIA SINICA,public,not applicable,"sra,run.zq,fastq","gs,ncbi,s3","ncbi.public,s3.us-east-1,gs.us-east1",missing,not applicable,SRX8921295,Japan,Asia,"Japan: Kurima\, Miyakojima\, Okinawa",Illumina HiSeq 2500,Nakamura12910,24.721354 N 125.25662 E,LGL16_KC04_496bp_phix_L4_Nakamura12910,SINGLE,Restriction Digest,GENOMIC,Broussonetia papyrifera,ILLUMINA,2024-08-05T00:00:00Z,2020-08-10T21:16:00Z,1,Nakamura12910_Japan_Okinawa_KurimaIsland_cp05B,SRP276968,leaves,Nakamura12910,cp05B
SRR12425471,missing,RAD-Seq,96,211297824,PRJNA656315,SAMN15778282,Plant,130788320,ACADEMIA SINICA,public,not applicable,"fastq,sra,run.zq","ncbi,s3,gs","ncbi.public,s3.us-east-1,gs.us-east1",missing,not applicable,SRX8921294,Japan,Asia,"Japan: Iriomote\, Yaeyama\, Okinawa",Illumina HiSeq 2500,PNAS_KFC2383-1,24.38738056 N 123.7475639 E,LGL16_KC04_496bp_phix_L4_PNAS_KFC2383_1,SINGLE,Restriction Digest,GENOMIC,Broussonetia papyrifera,ILLUMINA,2024-08-05T00:00:00Z,2020-08-10T21:16:00Z,1,PNAS_KFC2383_1_Japan_Yaeyama_Iriomote_cp05B,SRP276968,leaves,KFC2383,cp05B
SRR12425472,missing,RAD-Seq,96,198391392,PRJNA656315,SAMN15778138,Plant,127428229,ACADEMIA SINICA,public,not applicable,"run.zq,sra,fastq","ncbi,s3,gs","s3.us-east-1,gs.us-east1,ncbi.public",missing,not applicable,SRX8921293,Taiwan,Asia,"Taiwan: Fangliao Township\, Pingtung County",Illumina HiSeq 2500,PFL01-1,22.39966 N 120.59015 E,LGL16_KC01_503bp_L1_PFL01_1,SINGLE,Restriction Digest,GENOMIC,Broussonetia papyrifera,ILLUMINA,2024-08-05T00:00:00Z,2020-08-10T21:16:00Z,1,PFL01_1_Taiwan_Pingtung_cp13,SRP276968,leaves,PFL01,cp13
SRR12425473,missing,RAD-Seq,96,306902688,PRJNA656315,SAMN15778281,Plant,187660596,ACADEMIA SINICA,public,not applicable,"fastq,sra,run.zq","gs,ncbi,s3","s3.us-east-1,gs.us-east1,ncbi.public",missing,not applicable,SRX8921292,Japan,Asia,"Japan: Taketomi\, Yaeyama\, Okinawa",Illumina HiSeq 2500,PNAS_KFC2377-2,24.33348611 N 124.0908722 E,LGL16_KC04_496bp_phix_L4_PNAS_KFC2377_2,SINGLE,Restriction Digest,GENOMIC,Broussonetia papyrifera,ILLUMINA,2024-08-05T00:00:00Z,2020-08-10T21:16:00Z,1,PNAS_KFC2377_2_Japan_Yaeyama_Taketomi_cp05B,SRP276968,leaves,KFC2377,cp05B
SRR12425474,missing,RAD-Seq,96,361920768,PRJNA656315,SAMN15778280,Plant,214661071,ACADEMIA SINICA,public,not applicable,"sra,run.zq,fastq","s3,gs,ncbi","ncbi.public,gs.us-east1,s3.us-east-1",missing,not applicable,SRX8921291,Japan,Asia,"Japan: Ishigaki\, Yaeyama\, Okinawa",Illumina HiSeq 2500,PNAS_KFC2367-2,24.58080556 N 124.3069167 E,LGL16_KC04_496bp_phix_L4_PNAS_KFC2367_2,SINGLE,Restriction Digest,GENOMIC,Broussonetia papyrifera,ILLUMINA,2024-08-05T00:00:00Z,2020-08-10T21:16:00Z,1,PNAS_KFC2367_2_Japan_Yaeyama_Ishigaki_cp05B,SRP276968,leaves,KFC2367,cp05B
SRR12425475,missing,RAD-Seq,96,374872512,PRJNA656315,SAMN15778279,Plant,219879195,ACADEMIA SINICA,public,not applicable,"sra,fastq,run.zq","ncbi,gs,s3","s3.us-east-1,gs.us-east1,ncbi.public",missing,not applicable,SRX8921290,USA,North America,"USA: Kohala\, Lapakahi\, Big Island\, Hawaii",Illumina HiSeq 2500,BQUCH0179,20.17532 N 155.89735 W,LGL16_KC04_496bp_phix_L4_BQUCH0179,SINGLE,Restriction Digest,GENOMIC,Broussonetia papyrifera,ILLUMINA,2024-08-05T00:00:00Z,2020-08-10T21:16:00Z,1,BQUCH0179_Hawaii_BigIsland_cp17,SRP276968,leaves,BQUCH0179,cp17
SRR12425476,missing,RAD-Seq,96,300922080,PRJNA656315,SAMN15778278,Plant,183825866,ACADEMIA SINICA,public,not applicable,"sra,fastq,run.zq","gs,ncbi,s3","gs.us-east1,ncbi.public,s3.us-east-1",missing,not applicable,SRX8921289,China,Asia,"China: Wuzhishan\, Hainan Province",Illumina HiSeq 2500,csc-hainan,18.7852 N 109.5176 E,LGL16_KC04_496bp_phix_L4_csc_hainan,SINGLE,Restriction Digest,GENOMIC,Broussonetia papyrifera,ILLUMINA,2024-08-05T00:00:00Z,2020-08-10T21:16:00Z,1,csc_hainam_Hainan_Wuzhishan_cp20,SRP276968,leaves,csc-hainan,cp20
SRR12425477,missing,RAD-Seq,96,301578336,PRJNA656315,SAMN15778277,Plant,183103315,ACADEMIA SINICA,public,not applicable,"run.zq,fastq,sra","gs,ncbi,s3","s3.us-east-1,ncbi.public,gs.us-east1",missing,not applicable,SRX8921288,China,Asia,"China: Pingle\, Guilin\, Guangxi Province",Illumina HiSeq 2500,KFC1849-2,24.5026 N 110.8364167 E,LGL16_KC04_496bp_phix_L4_KFC1849_2,SINGLE,Restriction Digest,GENOMIC,Broussonetia papyrifera,ILLUMINA,2024-08-05T00:00:00Z,2020-08-10T21:16:00Z,1,KFC1849_2_Guangxi_Guilin_cp20,SRP276968,leaves,KFC1849,cp20
SRR12425478,missing,RAD-Seq,96,373280736,PRJNA656315,SAMN15778276,Plant,218322396,ACADEMIA SINICA,public,not applicable,"sra,fastq,run.zq","ncbi,gs,s3","gs.us-east1,s3.us-east-1,ncbi.public",missing,not applicable,SRX8921287,China,Asia,"China: Lipu\, Guilin\, Guangxi Province",Illumina HiSeq 2500,KFC1856-3,24.6265 N 110.39075 E,LGL16_KC04_496bp_phix_L4_KFC1856_3,SINGLE,Restriction Digest,GENOMIC,Broussonetia papyrifera,ILLUMINA,2024-08-05T00:00:00Z,2020-08-10T21:16:00Z,1,KFC1856_3_Guangxi_Guilin_cp32,SRP276968,leaves,KFC1856,cp32
SRR12425479,missing,RAD-Seq,96,15770592,PRJNA656315,SAMN15778275,Plant,10295467,ACADEMIA SINICA,public,not applicable,"run.zq,fastq,sra","s3,ncbi,gs","ncbi.public,gs.us-east1,s3.us-east-1",missing,not applicable,SRX8921286,China,Asia,"China: Liujiang\, Liuzhou\, Guangxi Province",Illumina HiSeq 2500,KFC1818,24.3444 N 109.2127778 E,LGL16_KC04_496bp_phix_L4_KFC1818,SINGLE,Restriction Digest,GENOMIC,Broussonetia papyrifera,ILLUMINA,2024-08-05T00:00:00Z,2020-08-10T21:15:00Z,1,KFC1818_Guangxi_Liuzhou_cp21,SRP276968,leaves,KFC1818,cp21
SRR12425480,missing,RAD-Seq,96,19127712,PRJNA656315,SAMN15778274,Plant,12445476,ACADEMIA SINICA,public,not applicable,"sra,fastq,run.zq","gs,ncbi,s3","ncbi.public,s3.us-east-1,gs.us-east1",missing,not applicable,SRX8921285,China,Asia,"China: Fogang\, Qingyuan\, Guangdong Province",Illumina HiSeq 2500,KFC1768-2,23.6474 N 113.1608333 E,LGL16_KC04_496bp_phix_L4_KFC1768_2,SINGLE,Restriction Digest,GENOMIC,Broussonetia papyrifera,ILLUMINA,2024-08-05T00:00:00Z,2020-08-10T21:15:00Z,1,KFC1768_2_Guangdong_Qingyuan_cp20,SRP276968,leaves,HAST: Kuo-Fang Chung 1768,cp20
SRR12425481,missing,RAD-Seq,96,340674144,PRJNA656315,SAMN15778273,Plant,202181717,ACADEMIA SINICA,public,not applicable,"sra,fastq,run.zq","s3,gs,ncbi","s3.us-east-1,ncbi.public,gs.us-east1",missing,not applicable,SRX8921284,China,Asia,"China: Yangshan\, Qingyuan\, Guangdong Province",Illumina HiSeq 2500,KFC1838,24.6602 N 112.7672778 E,LGL16_KC04_496bp_phix_L4_KFC1838,SINGLE,Restriction Digest,GENOMIC,Broussonetia papyrifera,ILLUMINA,2024-08-05T00:00:00Z,2020-08-10T21:16:00Z,1,KFC1838_Guangdong_Qingyuan_cp31,SRP276968,leaves,KFC1838,cp31
SRR12425482,missing,RAD-Seq,96,307093728,PRJNA656315,SAMN15778272,Plant,186104741,ACADEMIA SINICA,public,not applicable,"sra,fastq,run.zq","gs,s3,ncbi","gs.us-east1,s3.us-east-1,ncbi.public",missing,not applicable,SRX8921283,China,Asia,"China: Nanlang\, Zhongshan\, Guangdong Province",Illumina HiSeq 2500,KFC1776,22.4558 N 113.54775 E,LGL16_KC04_496bp_phix_L4_KFC1776,SINGLE,Restriction Digest,GENOMIC,Broussonetia papyrifera,ILLUMINA,2024-08-05T00:00:00Z,2020-08-10T21:16:00Z,1,KFC1776_Guangdong_Zhongshan_cp28,SRP276968,leaves,HAST: Kuo-Fang Chung 1776,cp28
SRR12425483,missing,RAD-Seq,96,126514656,PRJNA656315,SAMN15778137,Plant,83598004,ACADEMIA SINICA,public,not applicable,"sra,run.zq,fastq","s3,gs,ncbi","ncbi.public,gs.us-east1,s3.us-east-1",missing,not applicable,SRX8921282,Taiwan,Asia,"Taiwan: Pitou Township\, Changhua County",Illumina HiSeq 2500,KFC3439-1,23.88279073 N 120.499523 E,LGL16_KC01_503bp_L1_KFC3439_1,SINGLE,Restriction Digest,GENOMIC,Broussonetia papyrifera,ILLUMINA,2024-08-05T00:00:00Z,2020-08-10T21:15:00Z,1,KFC3439_1_Taiwan_Changhua_cp13,SRP276968,leaves,KFC3439,cp13
SRR12425484,missing,RAD-Seq,96,17137632,PRJNA656315,SAMN15778271,Plant,11399509,ACADEMIA SINICA,public,not applicable,"run.zq,fastq,sra","gs,ncbi,s3","gs.us-east1,s3.us-east-1,ncbi.public",missing,not applicable,SRX8921281,China,Asia,"China: Humen\, Dongguan\, Guangdong Province",Illumina HiSeq 2500,KFC1780-2,22.8392 N 113.6894167 E,LGL16_KC04_496bp_phix_L4_KFC1780_2,SINGLE,Restriction Digest,GENOMIC,Broussonetia papyrifera,ILLUMINA,2024-08-05T00:00:00Z,2020-08-10T21:15:00Z,1,KFC1780_2_Guangdong_Dongguan_cp21,SRP276968,leaves,HAST: Kuo-Fang Chung 1780,cp21
SRR12425485,missing,RAD-Seq,96,21266496,PRJNA656315,SAMN15778270,Plant,13674202,ACADEMIA SINICA,public,not applicable,"run.zq,fastq,sra","s3,ncbi,gs","s3.us-east-1,gs.us-east1,ncbi.public",missing,not applicable,SRX8921280,China,Asia,"China: Huadu\, Guangzhou\, Guangdong Province",Illumina HiSeq 2500,KFC1769-2,23.478 N 113.1240278 E,LGL16_KC04_496bp_phix_L4_KFC1769_2,SINGLE,Restriction Digest,GENOMIC,Broussonetia papyrifera,ILLUMINA,2024-08-05T00:00:00Z,2020-08-10T21:15:00Z,1,KFC1769_2_Guangdong_Guangzhou_cp21,SRP276968,leaves,HAST: Kuo-Fang Chung 1769,cp21
SRR12425486,missing,RAD-Seq,96,24262464,PRJNA656315,SAMN15778269,Plant,15542878,ACADEMIA SINICA,public,not applicable,"run.zq,fastq,sra","ncbi,gs,s3","ncbi.public,s3.us-east-1,gs.us-east1",missing,not applicable,SRX8921279,China,Asia,"China: Lufeng\, Shanwei\, Guangdong Province",Illumina HiSeq 2500,KFC1720,22.9617 N 115.6573889 E,LGL16_KC04_496bp_phix_L4_KFC1720,SINGLE,Restriction Digest,GENOMIC,Broussonetia papyrifera,ILLUMINA,2024-08-05T00:00:00Z,2020-08-10T21:15:00Z,1,KFC1720_Guangdong_Shanwei_cp21,SRP276968,leaves,HAST: Kuo-Fang Chung 1720,cp21
SRR12425487,missing,RAD-Seq,96,19930656,PRJNA656315,SAMN15778268,Plant,12959477,ACADEMIA SINICA,public,not applicable,"sra,run.zq,fastq","gs,ncbi,s3","s3.us-east-1,ncbi.public,gs.us-east1",missing,not applicable,SRX8921278,China,Asia,"China: Humen\, Dongguan\, Guangdong Province",Illumina HiSeq 2500,KFC1781-2,22.8787 N 113.6713889 E,LGL16_KC04_496bp_phix_L4_KFC1781_2,SINGLE,Restriction Digest,GENOMIC,Broussonetia papyrifera,ILLUMINA,2024-08-05T00:00:00Z,2020-08-10T21:15:00Z,1,KFC1781_2_Guangdong_Dongguan_cp29,SRP276968,leaves,HAST: Kuo-Fang Chung 1781,cp29
SRR12425488,missing,RAD-Seq,96,43725312,PRJNA656315,SAMN15778267,Plant,27935393,ACADEMIA SINICA,public,not applicable,"run.zq,fastq,sra","ncbi,s3,gs","gs.us-east1,ncbi.public,s3.us-east-1",missing,not applicable,SRX8921277,China,Asia,"China: Ruyuan\, Shaoguan\, Guangdong Province",Illumina HiSeq 2500,KFC1766-5,24.9459 N 113.0952 E,LGL16_KC04_496bp_phix_L4_KFC1766_5,SINGLE,Restriction Digest,GENOMIC,Broussonetia papyrifera,ILLUMINA,2024-08-05T00:00:00Z,2020-08-10T21:15:00Z,1,KFC1766_5_Guangdong_Shaoguan_cp01,SRP276968,leaves,HAST: Kuo-Fang Chung 1766,cp01
SRR12425489,missing,RAD-Seq,96,21698304,PRJNA656315,SAMN15778266,Plant,14036452,ACADEMIA SINICA,public,not applicable,"fastq,run.zq,sra","s3,gs,ncbi","s3.us-east-1,gs.us-east1,ncbi.public",missing,not applicable,SRX8921276,China,Asia,"China: Ruyuan\, Shaoguan\, Guangdong Province",Illumina HiSeq 2500,KFC1766-3,24.9457 N 113.0952 E,LGL16_KC04_496bp_phix_L4_KFC1766_3,SINGLE,Restriction Digest,GENOMIC,Broussonetia papyrifera,ILLUMINA,2024-08-05T00:00:00Z,2020-08-10T21:15:00Z,1,KFC1766_3_Guangdong_Shaoguan_cp01,SRP276968,leaves,HAST: Kuo-Fang Chung 1766,cp01
SRR12425490,missing,RAD-Seq,96,35315424,PRJNA656315,SAMN15778265,Plant,22776796,ACADEMIA SINICA,public,not applicable,"sra,fastq,run.zq","s3,ncbi,gs","ncbi.public,gs.us-east1,s3.us-east-1",missing,not applicable,SRX8921275,China,Asia,"China: Meihsien\, Meizhou\, Guangdong Province",Illumina HiSeq 2500,KFC1728-2,24.3526 N 116.0991 E,LGL16_KC04_496bp_phix_L4_KFC1728_2,SINGLE,Restriction Digest,GENOMIC,Broussonetia papyrifera,ILLUMINA,2024-08-05T00:00:00Z,2020-08-10T21:15:00Z,1,KFC1728_2_Guangdong_Meizhou_cp01,SRP276968,leaves,HAST: Kuo-Fang Chung 1728,cp01
SRR12425491,missing,RAD-Seq,96,32945376,PRJNA656315,SAMN15778264,Plant,21731090,ACADEMIA SINICA,public,not applicable,"run.zq,sra,fastq","s3,ncbi,gs","ncbi.public,s3.us-east-1,gs.us-east1",missing,not applicable,SRX8921274,China,Asia,"China: Meihsien\, Meizhou\, Guangdong Province",Illumina HiSeq 2500,KFC1728-1,24.3525 N 116.0991 E,LGL16_KC04_496bp_phix_L4_KFC1728_1,SINGLE,Restriction Digest,GENOMIC,Broussonetia papyrifera,ILLUMINA,2024-08-05T00:00:00Z,2020-08-10T21:15:00Z,1,KFC1728_1_Guangdong_Meizhou_cp01,SRP276968,leaves,HAST: Kuo-Fang Chung 1728,cp01
SRR12425492,missing,RAD-Seq,96,203162592,PRJNA656315,SAMN15778263,Plant,126141406,ACADEMIA SINICA,public,not applicable,"run.zq,sra,fastq","s3,ncbi,gs","s3.us-east-1,ncbi.public,gs.us-east1",missing,not applicable,SRX8921273,China,Asia,"China: Yanping District\, Longyan\, Fujian Province",Illumina HiSeq 2500,KFC1725-5,26.6835 N 118.1846 E,LGL16_KC04_496bp_phix_L4_KFC1725_5,SINGLE,Restriction Digest,GENOMIC,Broussonetia papyrifera,ILLUMINA,2024-08-05T00:00:00Z,2020-08-10T21:16:00Z,1,KFC1725_5_Fujian_Longyan_cp29,SRP276968,leaves,KFC1725,cp29
SRR12425493,missing,RAD-Seq,96,30225504,PRJNA656315,SAMN15778262,Plant,20128773,ACADEMIA SINICA,public,not applicable,"run.zq,fastq,sra","gs,s3,ncbi","s3.us-east-1,gs.us-east1,ncbi.public",missing,not applicable,SRX8921272,China,Asia,"China: Wuyishan City\, Nanping\, Fujian Province",Illumina HiSeq 2500,KFC1722-3,26.6885 N 117.9906 E,LGL16_KC04_496bp_phix_L4_KFC1722_3,SINGLE,Restriction Digest,GENOMIC,Broussonetia papyrifera,ILLUMINA,2024-08-05T00:00:00Z,2020-08-10T21:15:00Z,1,KFC1722_3_Fujian_Nanping_cp23,SRP276968,leaves,KFC1722,cp23
SRR12425494,missing,RAD-Seq,96,188390016,PRJNA656315,SAMN15778136,Plant,121861908,ACADEMIA SINICA,public,not applicable,"fastq,sra,run.zq","s3,ncbi,gs","ncbi.public,s3.us-east-1,gs.us-east1",missing,not applicable,SRX8921271,Taiwan,Asia,"Taiwan: Yujing District\, Tainan City",Illumina HiSeq 2500,NYJ01-1,23.11698 N 120.46963 E,LGL16_KC01_503bp_L1_NYJ01_1,SINGLE,Restriction Digest,GENOMIC,Broussonetia papyrifera,ILLUMINA,2024-08-05T00:00:00Z,2020-08-10T21:16:00Z,1,NYJ01_1_Taiwan_Tainan_cp09,SRP276968,leaves,NYJ01,cp09
SRR12425495,missing,RAD-Seq,96,19563744,PRJNA656315,SAMN15778261,Plant,13004461,ACADEMIA SINICA,public,not applicable,"sra,run.zq,fastq","gs,s3,ncbi","gs.us-east1,s3.us-east-1,ncbi.public",missing,not applicable,SRX8921270,China,Asia,"China: Jian'ou City\, Nanping\, Fujian Province",Illumina HiSeq 2500,KFC1721-2,27.0422 N 118.3467 E,LGL16_KC04_496bp_phix_L4_KFC1721_2,SINGLE,Restriction Digest,GENOMIC,Broussonetia papyrifera,ILLUMINA,2024-08-05T00:00:00Z,2020-08-10T21:15:00Z,1,KFC1721_2_Fujian_Nanping_cp22,SRP276968,leaves,HAST: Kuo-Fang Chung 1721,cp22
SRR12425496,missing,RAD-Seq,96,15425568,PRJNA656315,SAMN15778260,Plant,10227750,ACADEMIA SINICA,public,not applicable,"fastq,sra,run.zq","gs,s3,ncbi","ncbi.public,s3.us-east-1,gs.us-east1",missing,not applicable,SRX8921269,Taiwan,Asia,"Taiwan: Yongkang District\, Tainan City",Illumina HiSeq 2500,Liu105-1,23.0008 N 120.2352 E,LGL16_KC04_496bp_phix_L4_Liu105_1,SINGLE,Restriction Digest,GENOMIC,Broussonetia papyrifera,ILLUMINA,2024-08-05T00:00:00Z,2020-08-10T21:15:00Z,1,K105_1_Taiwan_Tainan_cp14,SRP276968,leaves,Liu105,cp14
SRR12425497,missing,RAD-Seq,96,11957472,PRJNA656315,SAMN15778259,Plant,7934717,ACADEMIA SINICA,public,not applicable,"fastq,run.zq,sra","gs,ncbi,s3","s3.us-east-1,ncbi.public,gs.us-east1",missing,not applicable,SRX8921268,Taiwan,Asia,"Taiwan: Dongshih Township\, Yunlin County",Illumina HiSeq 2500,Liu43-2,23.6575 N 120.2715 E,LGL16_KC04_496bp_phix_L4_Liu43_2,SINGLE,Restriction Digest,GENOMIC,Broussonetia papyrifera,ILLUMINA,2024-08-05T00:00:00Z,2020-08-10T21:15:00Z,1,I43_2_Taiwan_Yunlin_cp13,SRP276968,leaves,Liu43,cp13
SRR12425498,missing,RAD-Seq,96,16416864,PRJNA656315,SAMN15778258,Plant,10796798,ACADEMIA SINICA,public,not applicable,"sra,fastq,run.zq","ncbi,gs,s3","gs.us-east1,s3.us-east-1,ncbi.public",missing,not applicable,SRX8921267,Taiwan,Asia,"Taiwan: Douliou Township\, Yunlin County",Illumina HiSeq 2500,Liu53-4,23.719 N 120.5743 E,LGL16_KC04_496bp_phix_L4_Liu53_4,SINGLE,Restriction Digest,GENOMIC,Broussonetia papyrifera,ILLUMINA,2024-08-05T00:00:00Z,2020-08-10T21:15:00Z,1,I53_4_Taiwan_Yunlin_cp12,SRP276968,leaves,Liu53,cp12
SRR12425499,missing,RAD-Seq,96,6659424,PRJNA656315,SAMN15778257,Plant,4480952,ACADEMIA SINICA,public,not applicable,"fastq,sra,run.zq","gs,ncbi,s3","gs.us-east1,s3.us-east-1,ncbi.public",missing,not applicable,SRX8921266,Taiwan,Asia,"Taiwan: Lunbei Township\, Yunlin County",Illumina HiSeq 2500,Liu45-2,23.757 N 120.3638 E,LGL16_KC04_496bp_phix_L4_Liu45_2,SINGLE,Restriction Digest,GENOMIC,Broussonetia papyrifera,ILLUMINA,2024-08-05T00:00:00Z,2020-08-10T21:15:00Z,1,I45_2_Taiwan_Yunlin_cp10,SRP276968,leaves,Liu45,cp10
SRR12425500,missing,RAD-Seq,96,8277408,PRJNA656315,SAMN15778256,Plant,5458146,ACADEMIA SINICA,public,not applicable,"sra,fastq,run.zq","ncbi,gs,s3","ncbi.public,gs.us-east1,s3.us-east-1",missing,not applicable,SRX8921265,Taiwan,Asia,"Taiwan: Ludao Township\, Taitung County",Illumina HiSeq 2500,LD1,22.6585 N 121.485 E,LGL16_KC04_496bp_phix_L4_LD1,SINGLE,Restriction Digest,GENOMIC,Broussonetia papyrifera,ILLUMINA,2024-08-05T00:00:00Z,2020-08-10T21:15:00Z,1,LD1_Taiwan_Taitung_Ludao_cp09,SRP276968,leaves,LD1,cp09
SRR12425501,missing,RAD-Seq,96,346653696,PRJNA656315,SAMN15778255,Plant,204042273,ACADEMIA SINICA,public,not applicable,"run.zq,sra,fastq","ncbi,s3,gs","s3.us-east-1,ncbi.public,gs.us-east1",missing,not applicable,SRX8921264,Taiwan,Asia,"Taiwan: Hualien County\, Hualien County",Illumina HiSeq 2500,Liu66-1,23.9808 N 121.6159 E,LGL16_KC04_496bp_phix_L4_Liu66_1,SINGLE,Restriction Digest,GENOMIC,Broussonetia papyrifera,ILLUMINA,2024-08-05T00:00:00Z,2020-08-10T21:16:00Z,1,O66_1_Taiwan_Hualien_cp06,SRP276968,leaves,Liu66,cp06
SRR12425502,missing,RAD-Seq,96,43691712,PRJNA656315,SAMN15778254,Plant,28247917,ACADEMIA SINICA,public,not applicable,"sra,fastq,run.zq","gs,s3,ncbi","s3.us-east-1,gs.us-east1,ncbi.public",missing,not applicable,SRX8921263,Taiwan,Asia,"Taiwan: Xinshe District\, Taichung City",Illumina HiSeq 2500,Liu11-3,24.155 N 120.8928 E,LGL16_KC04_496bp_phix_L4_Liu11_3,SINGLE,Restriction Digest,GENOMIC,Broussonetia papyrifera,ILLUMINA,2024-08-05T00:00:00Z,2020-08-10T21:15:00Z,1,G11_3_Taiwan_Taichung_cp03,SRP276968,leaves,Liu11,cp03
SRR12425503,missing,RAD-Seq,96,18840480,PRJNA656315,SAMN15778253,Plant,12276217,ACADEMIA SINICA,public,not applicable,"fastq,sra,run.zq","gs,ncbi,s3","gs.us-east1,s3.us-east-1,ncbi.public",missing,not applicable,SRX8921262,Taiwan,Asia,"Taiwan: Heping District\, Taichung City",Illumina HiSeq 2500,Liu24-1,24.2169 N 120.8894 E,LGL16_KC04_496bp_phix_L4_Liu24_1,SINGLE,Restriction Digest,GENOMIC,Broussonetia papyrifera,ILLUMINA,2024-08-05T00:00:00Z,2020-08-10T21:15:00Z,1,G24_1_Taiwan_Taichung_cp01,SRP276968,leaves,Liu24,cp01
SRR12425504,missing,RAD-Seq,96,178251936,PRJNA656315,SAMN15778252,Plant,116960575,ACADEMIA SINICA,public,not applicable,"fastq,sra,run.zq","s3,gs,ncbi","s3.us-east-1,ncbi.public,gs.us-east1",missing,not applicable,SRX8921261,Chile,South America,"Chile: RanoKau\, Easter Island",Illumina HiSeq 2500,BQUCH0221,27.18123 S 109.43627 W,LGL16_KC03_504bp_phix_L3_BQUCH0221,SINGLE,Restriction Digest,GENOMIC,Broussonetia papyrifera,ILLUMINA,2024-08-05T00:00:00Z,2020-08-10T21:16:00Z,1,BQUCH0221_RapaNui_RanoKau_gaby003,SRP276968,leaves,BQUCH0221,gaby003
SRR12425505,missing,RAD-Seq,96,91731840,PRJNA656315,SAMN15778135,Plant,60928654,ACADEMIA SINICA,public,not applicable,"run.zq,fastq,sra","s3,ncbi,gs","gs.us-east1,ncbi.public,s3.us-east-1",missing,not applicable,SRX8921260,Taiwan,Asia,"Taiwan: Fangliao Township\, Pingtung County",Illumina HiSeq 2500,PFL01-2,22.40239 N 120.58942 E,LGL16_KC01_503bp_L1_PFL01_2,SINGLE,Restriction Digest,GENOMIC,Broussonetia papyrifera,ILLUMINA,2024-08-05T00:00:00Z,2020-08-10T21:15:00Z,1,PFL01_2_Taiwan_Pingtung_cp09,SRP276968,leaves,PFL01,cp09
SRR12425506,missing,RAD-Seq,96,170721888,PRJNA656315,SAMN15778251,Plant,111225150,ACADEMIA SINICA,public,not applicable,"fastq,sra,run.zq","ncbi,gs,s3","s3.us-east-1,gs.us-east1,ncbi.public",missing,not applicable,SRX8921259,Chile,South America,"Chile: HangaOteo\, Easter Island",Illumina HiSeq 2500,BQUCH0226,27.0612 S 109.36141 W,LGL16_KC03_504bp_phix_L3_BQUCH0226,SINGLE,Restriction Digest,GENOMIC,Broussonetia papyrifera,ILLUMINA,2024-08-05T00:00:00Z,2020-08-10T21:16:00Z,1,BQUCH0226_RapaNui_HangaOteo_cp17,SRP276968,leaves,BQUCH0226,cp17
SRR12425507,missing,RAD-Seq,96,186701760,PRJNA656315,SAMN15778250,Plant,121985504,ACADEMIA SINICA,public,not applicable,"run.zq,fastq,sra","gs,ncbi,s3","gs.us-east1,ncbi.public,s3.us-east-1",missing,not applicable,SRX8921258,French Polynesia,Oceania,"French Polynesia: Ahurei\, Rapa Iti",Illumina HiSeq 2500,BQUCH0439,27.62004 S 144.33414 W,LGL16_KC03_504bp_phix_L3_BQUCH0439,SINGLE,Restriction Digest,GENOMIC,Broussonetia papyrifera,ILLUMINA,2024-08-05T00:00:00Z,2020-08-10T21:16:00Z,1,BQUCH0439_Rapa_cp17,SRP276968,leaves,BQUCH0439,cp17
SRR12425508,missing,RAD-Seq,96,249206496,PRJNA656315,SAMN15778249,Plant,160309998,ACADEMIA SINICA,public,not applicable,"run.zq,sra,fastq","gs,s3,ncbi","gs.us-east1,ncbi.public,s3.us-east-1",missing,not applicable,SRX8921257,Wallis and Futuna,Oceania,Wallis and Futuna: Wallis,Illumina HiSeq 2500,BQUCH0333,13.294613 S 176.205831 W,LGL16_KC03_504bp_phix_L3_BQUCH0333,SINGLE,Restriction Digest,GENOMIC,Broussonetia papyrifera,ILLUMINA,2024-08-05T00:00:00Z,2020-08-10T21:16:00Z,1,BQUCH0333_Wallis_cp17,SRP276968,leaves,BQUCH0333,cp17
SRR12425509,missing,RAD-Seq,96,214556544,PRJNA656315,SAMN15778248,Plant,140769663,ACADEMIA SINICA,public,not applicable,"sra,run.zq,fastq","ncbi,gs,s3","s3.us-east-1,ncbi.public,gs.us-east1",missing,not applicable,SRX8921256,French Polynesia,Oceania,French Polynesia: Tahiti,Illumina HiSeq 2500,BQUCH0433,17.650582 S 149.427171 W,LGL16_KC03_504bp_phix_L3_BQUCH0433,SINGLE,Restriction Digest,GENOMIC,Broussonetia papyrifera,ILLUMINA,2024-08-05T00:00:00Z,2020-08-10T21:16:00Z,1,BQUCH0433_Tahiti_cp17,SRP276968,leaves,BQUCH0433,cp17
SRR12425510,missing,RAD-Seq,96,159296352,PRJNA656315,SAMN15778247,Plant,104917381,ACADEMIA SINICA,public,not applicable,"fastq,run.zq,sra","ncbi,gs,s3","gs.us-east1,s3.us-east-1,ncbi.public",missing,not applicable,SRX8921255,Fiji,Oceania,Fiji: Taveuni Island,Illumina HiSeq 2500,BQUCH0296,missing,LGL16_KC03_504bp_phix_L3_BQUCH0296,SINGLE,Restriction Digest,GENOMIC,Broussonetia papyrifera,ILLUMINA,2024-08-05T00:00:00Z,2020-08-10T21:16:00Z,1,BQUCH0296_Fiji_TaveuniIsland_cp17B,SRP276968,leaves,BQUCH0296,cp17B
SRR12425511,missing,RAD-Seq,96,275269344,PRJNA656315,SAMN15778246,Plant,177039405,ACADEMIA SINICA,public,not applicable,"run.zq,sra,fastq","gs,ncbi,s3","gs.us-east1,s3.us-east-1,ncbi.public",missing,not applicable,SRX8921254,Fiji,Oceania,Fiji: Taveuni Island,Illumina HiSeq 2500,BQUCH0292,missing,LGL16_KC03_504bp_phix_L3_BQUCH0292,SINGLE,Restriction Digest,GENOMIC,Broussonetia papyrifera,ILLUMINA,2024-08-05T00:00:00Z,2020-08-10T21:16:00Z,1,BQUCH0292_Fiji_TaveuniIsland_cp17,SRP276968,leaves,BQUCH0292,cp17
SRR12425512,missing,RAD-Seq,96,123928704,PRJNA656315,SAMN15778245,Plant,82044442,ACADEMIA SINICA,public,not applicable,"sra,fastq,run.zq","s3,ncbi,gs","gs.us-east1,ncbi.public,s3.us-east-1",missing,not applicable,SRX8921253,Fiji,Oceania,Fiji: VanuaLevu,Illumina HiSeq 2500,BQUCH0285,missing,LGL16_KC03_504bp_phix_L3_BQUCH0285,SINGLE,Restriction Digest,GENOMIC,Broussonetia papyrifera,ILLUMINA,2024-08-05T00:00:00Z,2020-08-10T21:15:00Z,1,BQUCH0285_Fiji_VanuaLevu_cp17,SRP276968,leaves,BQUCH0285,cp17
SRR12425513,missing,RAD-Seq,96,290202528,PRJNA656315,SAMN15778244,Plant,186404842,ACADEMIA SINICA,public,not applicable,"fastq,sra,run.zq","ncbi,gs,s3","gs.us-east1,ncbi.public,s3.us-east-1",missing,not applicable,SRX8921252,Fiji,Oceania,"Fiji: Suva\, Vitilevu",Illumina HiSeq 2500,LYH18,18.0939 S 178.45965 E,LGL16_KC03_504bp_phix_L3_LYH18,SINGLE,Restriction Digest,GENOMIC,Broussonetia papyrifera,ILLUMINA,2024-08-05T00:00:00Z,2020-08-10T21:16:00Z,1,LYH18_Fiji_Vitilevu_cp17,SRP276968,leaves,LYH18,cp17
SRR12425514,missing,RAD-Seq,96,173396544,PRJNA656315,SAMN15778243,Plant,113438886,ACADEMIA SINICA,public,not applicable,"run.zq,sra,fastq","s3,gs,ncbi","gs.us-east1,s3.us-east-1,ncbi.public",missing,not applicable,SRX8921251,Tonga,Oceania,"Tonga: Mangia\, Vava'u",Illumina HiSeq 2500,LYH13-3,18.6244803 S 173.9560628 W,LGL16_KC03_504bp_phix_L3_LYH13_3,SINGLE,Restriction Digest,GENOMIC,Broussonetia papyrifera,ILLUMINA,2024-08-05T00:00:00Z,2020-08-10T21:16:00Z,1,LYH13_3_Tonga_Vavau_cp17,SRP276968,leaves,LYH13,cp17
SRR12425515,missing,RAD-Seq,96,8428992,PRJNA656315,SAMN15778242,Plant,5881897,ACADEMIA SINICA,public,not applicable,"run.zq,sra,fastq","ncbi,s3,gs","ncbi.public,gs.us-east1,s3.us-east-1",missing,not applicable,SRX8921250,Viet Nam,Asia,"Viet Nam: Nha Trang\, Khanh Hoa",Illumina HiSeq 2500,Liu131-1,12.30585 N 109.17666 E,LGL16_KC03_504bp_phix_L3_Liu131_1,SINGLE,Restriction Digest,GENOMIC,Broussonetia papyrifera,ILLUMINA,2024-08-05T00:00:00Z,2020-08-10T21:15:00Z,1,Liu131_1_Vietnam_KhanhHoa_cp34,SRP276968,leaves,Liu131,cp34
SRR12425516,missing,RAD-Seq,96,224299968,PRJNA656315,SAMN15778134,Plant,145024476,ACADEMIA SINICA,public,not applicable,"fastq,sra,run.zq","gs,ncbi,s3","s3.us-east-1,ncbi.public,gs.us-east1",missing,not applicable,SRX8921249,Taiwan,Asia,"Taiwan: Pingtung City\, Pingtung County",Illumina HiSeq 2500,PPC01-1,22.69448 N 120.49233 E,LGL16_KC01_503bp_L1_PPC01_1,SINGLE,Restriction Digest,GENOMIC,Broussonetia papyrifera,ILLUMINA,2024-08-05T00:00:00Z,2020-08-10T21:16:00Z,1,PPC01_1_Taiwan_Pingtung_cp09,SRP276968,leaves,PPC01,cp09
SRR12425517,missing,RAD-Seq,96,16713600,PRJNA656315,SAMN15778241,Plant,11631633,ACADEMIA SINICA,public,not applicable,"run.zq,sra,fastq","ncbi,gs,s3","ncbi.public,gs.us-east1,s3.us-east-1",missing,not applicable,SRX8921248,Viet Nam,Asia,"Viet Nam: Bo Trach\, Quang Binh",Illumina HiSeq 2500,Liu125,17.66202 N 106.51137 E,LGL16_KC03_504bp_phix_L3_Liu125,SINGLE,Restriction Digest,GENOMIC,Broussonetia papyrifera,ILLUMINA,2024-08-05T00:00:00Z,2020-08-10T21:15:00Z,1,Liu125_Vietnam_QuangBinh_cp34,SRP276968,leaves,Liu125,cp34
SRR12425518,missing,RAD-Seq,96,15413184,PRJNA656315,SAMN15778240,Plant,10645780,ACADEMIA SINICA,public,not applicable,"sra,run.zq,fastq","ncbi,s3,gs","s3.us-east-1,ncbi.public,gs.us-east1",missing,not applicable,SRX8921247,Viet Nam,Asia,"Viet Nam: Long Bien\, Ha Noi",Illumina HiSeq 2500,LiuHN1,21.05145 N 105.8970361 E,LGL16_KC03_504bp_phix_L3_LiuHN1,SINGLE,Restriction Digest,GENOMIC,Broussonetia papyrifera,ILLUMINA,2024-08-05T00:00:00Z,2020-08-10T21:15:00Z,1,LiuHN1_Vietnam_HaNoi_cp20,SRP276968,leaves,LiuHN1,cp20
SRR12425519,missing,RAD-Seq,96,12993120,PRJNA656315,SAMN15778239,Plant,8974960,ACADEMIA SINICA,public,not applicable,"sra,fastq,run.zq","s3,gs,ncbi","gs.us-east1,s3.us-east-1,ncbi.public",missing,not applicable,SRX8921246,Viet Nam,Asia,"Viet Nam: Nha Trang\, Khanh Hoa",Illumina HiSeq 2500,Liu131-2,12.30585 N 109.17666 E,LGL16_KC03_504bp_phix_L3_Liu131_2,SINGLE,Restriction Digest,GENOMIC,Broussonetia papyrifera,ILLUMINA,2024-08-05T00:00:00Z,2020-08-10T21:15:00Z,1,Liu131_2_Vietnam_KhanhHoa_cp20,SRP276968,leaves,Liu131,cp20
SRR12425520,missing,RAD-Seq,96,168933600,PRJNA656315,SAMN15778238,Plant,110693375,ACADEMIA SINICA,public,not applicable,"fastq,run.zq,sra","s3,gs,ncbi","s3.us-east-1,gs.us-east1,ncbi.public",missing,not applicable,SRX8921245,Viet Nam,Asia,"Viet Nam: Chuong My\, Ha Noi",Illumina HiSeq 2500,LiuXM1,20.9042 N 105.5882944 E,LGL16_KC03_504bp_phix_L3_LiuXM1,SINGLE,Restriction Digest,GENOMIC,Broussonetia papyrifera,ILLUMINA,2024-08-05T00:00:00Z,2020-08-10T21:16:00Z,1,LiuXM1_Vietnam_HaNoi_cp35,SRP276968,leaves,LiuXM1,cp35
SRR12425521,missing,RAD-Seq,96,219637728,PRJNA656315,SAMN15778237,Plant,142693492,ACADEMIA SINICA,public,not applicable,"run.zq,fastq,sra","ncbi,s3,gs","ncbi.public,s3.us-east-1,gs.us-east1",missing,not applicable,SRX8921244,USA,North America,"USA: Waimea\, Big Island\, Hawaii",Illumina HiSeq 2500,BQUCH0177,20.03066 N 155.65514 W,LGL16_KC03_504bp_phix_L3_BQUCH0177,SINGLE,Restriction Digest,GENOMIC,Broussonetia papyrifera,ILLUMINA,2024-08-05T00:00:00Z,2020-08-10T21:16:00Z,1,BQUCH0177_Hawaii_BigIsland_cp41,SRP276968,leaves,BQUCH0177,cp41
SRR12425522,missing,RAD-Seq,96,151214208,PRJNA656315,SAMN15778236,Plant,99981851,ACADEMIA SINICA,public,not applicable,"run.zq,fastq,sra","gs,ncbi,s3","gs.us-east1,s3.us-east-1,ncbi.public",missing,not applicable,SRX8921243,USA,North America,"USA: Waimea Valley\, Oahu\, Hawaii",Illumina HiSeq 2500,BQUCH0172,21.63394 N 158.05366 W,LGL16_KC03_504bp_phix_L3_BQUCH0172,SINGLE,Restriction Digest,GENOMIC,Broussonetia papyrifera,ILLUMINA,2024-08-05T00:00:00Z,2020-08-10T21:16:00Z,1,BQUCH0172_Hawaii_Oahu_cp41,SRP276968,leaves,BQUCH0172,cp41
SRR12425523,missing,RAD-Seq,96,227989344,PRJNA656315,SAMN15778235,Plant,148497730,ACADEMIA SINICA,public,not applicable,"run.zq,fastq,sra","gs,s3,ncbi","ncbi.public,s3.us-east-1,gs.us-east1",missing,not applicable,SRX8921242,USA,North America,"USA: Bishop Museum\, Oahu\, Hawaii",Illumina HiSeq 2500,BQUCH0164,21.33312 N 157.87202 W,LGL16_KC03_504bp_phix_L3_BQUCH0164,SINGLE,Restriction Digest,GENOMIC,Broussonetia papyrifera,ILLUMINA,2024-08-05T00:00:00Z,2020-08-10T21:16:00Z,1,BQUCH0164_Hawaii_Oahu_cp17,SRP276968,leaves,BQUCH0164,cp17
SRR12425524,missing,RAD-Seq,96,219513312,PRJNA656315,SAMN15778234,Plant,142699042,ACADEMIA SINICA,public,not applicable,"run.zq,sra,fastq","s3,ncbi,gs","s3.us-east-1,ncbi.public,gs.us-east1",missing,not applicable,SRX8921241,China,Asia,"China: Xuanwu\, Nanjing\, Jiangsu Province",Illumina HiSeq 2500,2015003,32.081449 N 118.820494 E,LGL16_KC03_504bp_phix_L3_2015003,SINGLE,Restriction Digest,GENOMIC,Broussonetia papyrifera,ILLUMINA,2024-08-05T00:00:00Z,2020-08-10T21:16:00Z,1,2015003_Jiangsu_Nanjing_cp53,SRP276968,leaves,2015003,cp53
SRR12425525,missing,RAD-Seq,96,169548768,PRJNA656315,SAMN15778233,Plant,111816342,ACADEMIA SINICA,public,not applicable,"run.zq,sra,fastq","ncbi,s3,gs","s3.us-east-1,ncbi.public,gs.us-east1",missing,not applicable,SRX8921240,China,Asia,"China: Longzhou\, Chongzuo\, Guangxi Province",Illumina HiSeq 2500,Peng22965-3,22.396 N 106.7009 E,LGL16_KC03_504bp_phix_L3_Peng22965_3,SINGLE,Restriction Digest,GENOMIC,Broussonetia papyrifera,ILLUMINA,2024-08-05T00:00:00Z,2020-08-10T21:16:00Z,1,Peng22965_3_Guangxi_Chongzuo_cp34,SRP276968,leaves,HAST: Ching-I Peng 22965,cp34
SRR12425526,missing,RAD-Seq,96,167548032,PRJNA656315,SAMN15778232,Plant,109525890,ACADEMIA SINICA,public,not applicable,"run.zq,sra,fastq","gs,s3,ncbi","ncbi.public,gs.us-east1,s3.us-east-1",missing,not applicable,SRX8921239,China,Asia,"China: Longzhou\, Chongzuo\, Guangxi Province",Illumina HiSeq 2500,Peng22951-3,22.4238 N 106.6433 E,LGL16_KC03_504bp_phix_L3_Peng22951_3,SINGLE,Restriction Digest,GENOMIC,Broussonetia papyrifera,ILLUMINA,2024-08-05T00:00:00Z,2020-08-10T21:16:00Z,1,Peng22951_3_Guangxi_Chongzuo_cp39,SRP276968,leaves,HAST: Ching-I Peng 22951,cp39
SRR12425527,missing,RAD-Seq,96,203036256,PRJNA656315,SAMN15778133,Plant,132943218,ACADEMIA SINICA,public,not applicable,"fastq,sra,run.zq","s3,ncbi,gs","ncbi.public,s3.us-east-1,gs.us-east1",missing,not applicable,SRX8921238,Taiwan,Asia,"Taiwan: Qingshui District\, Taichung City",Illumina HiSeq 2500,KFC2379-1,24.308361 N 120.549631 E,LGL16_KC01_503bp_L1_KFC2379_1,SINGLE,Restriction Digest,GENOMIC,Broussonetia papyrifera,ILLUMINA,2024-08-05T00:00:00Z,2020-08-10T21:16:00Z,1,KFC2379_1_Taiwan_Taichung_cp09,SRP276968,leaves,KFC2379,cp09
SRR12425528,missing,RAD-Seq,96,12329952,PRJNA656315,SAMN15778231,Plant,8504059,ACADEMIA SINICA,public,not applicable,"run.zq,sra,fastq","ncbi,s3,gs","s3.us-east-1,ncbi.public,gs.us-east1",missing,not applicable,SRX8921237,China,Asia,"China: Lingui\, Guiling\, Guangxi Province",Illumina HiSeq 2500,KFC2990,25.0401 N 110.19997 E,LGL16_KC03_504bp_phix_L3_KFC2990,SINGLE,Restriction Digest,GENOMIC,Broussonetia papyrifera,ILLUMINA,2024-08-05T00:00:00Z,2020-08-10T21:15:00Z,1,KFC2990_Guangxi_Guiling_cp21,SRP276968,leaves,HAST: Kuo-Fang Chung 2990,cp21
SRR12425529,missing,RAD-Seq,96,233418144,PRJNA656315,SAMN15778230,Plant,150490394,ACADEMIA SINICA,public,not applicable,"sra,fastq,run.zq","ncbi,gs,s3","gs.us-east1,s3.us-east-1,ncbi.public",missing,not applicable,SRX8921236,China,Asia,"China: Huicheng \, Huizhou\, Guangdong Province",Illumina HiSeq 2500,KFC1735-1,23.1995 N 114.3674 E,LGL16_KC03_504bp_phix_L3_KFC1735_1,SINGLE,Restriction Digest,GENOMIC,Broussonetia papyrifera,ILLUMINA,2024-08-05T00:00:00Z,2020-08-10T21:16:00Z,1,KFC1735_1_Guangdong_Huizhou_cp26,SRP276968,leaves,HAST: Kuo-Fang Chung 1735,cp26
SRR12425530,missing,RAD-Seq,96,16749696,PRJNA656315,SAMN15778229,Plant,11504404,ACADEMIA SINICA,public,not applicable,"fastq,run.zq,sra","gs,s3,ncbi","ncbi.public,s3.us-east-1,gs.us-east1",missing,not applicable,SRX8921235,China,Asia,"China: Wengyuan\, Shaoguan\, Guangdong Province",Illumina HiSeq 2500,KFC1742-1,24.4824 N 113.784 E,LGL16_KC03_504bp_phix_L3_KFC1742_1,SINGLE,Restriction Digest,GENOMIC,Broussonetia papyrifera,ILLUMINA,2024-08-05T00:00:00Z,2020-08-10T21:15:00Z,1,KFC1742_1_Guangdong_Shaoguan_cp27,SRP276968,leaves,HAST: Kuo-Fang Chung 1742,cp27
SRR12425531,missing,RAD-Seq,96,55486944,PRJNA656315,SAMN15778228,Plant,37477189,ACADEMIA SINICA,public,not applicable,"run.zq,fastq,sra","s3,ncbi,gs","s3.us-east-1,gs.us-east1,ncbi.public",missing,not applicable,SRX8921234,China,Asia,"China: Yangshan\, Qingyuan\, Guangdong Province",Illumina HiSeq 2500,KFC1837,24.6603 N 112.7506 E,LGL16_KC03_504bp_phix_L3_KFC1837,SINGLE,Restriction Digest,GENOMIC,Broussonetia papyrifera,ILLUMINA,2024-08-05T00:00:00Z,2020-08-10T21:15:00Z,1,KFC1837_Guangdong_Qingyuan_cp30,SRP276968,leaves,KFC1837,cp30
SRR12425532,missing,RAD-Seq,96,173200416,PRJNA656315,SAMN15778227,Plant,112285991,ACADEMIA SINICA,public,not applicable,"run.zq,fastq,sra","s3,gs,ncbi","gs.us-east1,ncbi.public,s3.us-east-1",missing,not applicable,SRX8921233,China,Asia,"China: Nanlang\, Zhongshan\, Guangdong Province",Illumina HiSeq 2500,KFC1777-1,22.4464 N 113.5255 E,LGL16_KC03_504bp_phix_L3_KFC1777_1,SINGLE,Restriction Digest,GENOMIC,Broussonetia papyrifera,ILLUMINA,2024-08-05T00:00:00Z,2020-08-10T21:16:00Z,1,KFC1777_1_Guangdong_Zhongshan_cp21,SRP276968,leaves,HAST: Kuo-Fang Chung 1777,cp21
SRR12425533,missing,RAD-Seq,96,286718880,PRJNA656315,SAMN15778226,Plant,183764809,ACADEMIA SINICA,public,not applicable,"run.zq,sra,fastq","gs,s3,ncbi","s3.us-east-1,gs.us-east1,ncbi.public",missing,not applicable,SRX8921232,China,Asia,"China: Huicheng \, Huizhou\, Guangdong Province",Illumina HiSeq 2500,KFC1735-2,23.1996 N 114.3674 E,LGL16_KC03_504bp_phix_L3_KFC1735_2,SINGLE,Restriction Digest,GENOMIC,Broussonetia papyrifera,ILLUMINA,2024-08-05T00:00:00Z,2020-08-10T21:16:00Z,1,KFC1735_2_Guangdong_Huizhou_cp21,SRP276968,leaves,HAST: Kuo-Fang Chung 1735,cp21
SRR12425534,missing,RAD-Seq,96,160703904,PRJNA656315,SAMN15778225,Plant,103992728,ACADEMIA SINICA,public,not applicable,"fastq,run.zq,sra","ncbi,gs,s3","gs.us-east1,s3.us-east-1,ncbi.public",missing,not applicable,SRX8921231,China,Asia,"China: Boluo\, Huizhou\, Guangdong Province",Illumina HiSeq 2500,KFC1736-2,23.1788 N 113.9756 E,LGL16_KC03_504bp_phix_L3_KFC1736_2,SINGLE,Restriction Digest,GENOMIC,Broussonetia papyrifera,ILLUMINA,2024-08-05T00:00:00Z,2020-08-10T21:16:00Z,1,KFC1736_2_Guangdong_Huizhou_cp01,SRP276968,leaves,HAST: Kuo-Fang Chung 1736,cp01
SRR12425535,missing,RAD-Seq,96,207764448,PRJNA656315,SAMN15778224,Plant,132981806,ACADEMIA SINICA,public,not applicable,"fastq,run.zq,sra","gs,s3,ncbi","gs.us-east1,s3.us-east-1,ncbi.public",missing,not applicable,SRX8921230,China,Asia,"China: Boluo\, Huizhou\, Guangdong Province",Illumina HiSeq 2500,KFC1736-1,23.1789 N 113.9756 E,LGL16_KC03_504bp_phix_L3_KFC1736_1,SINGLE,Restriction Digest,GENOMIC,Broussonetia papyrifera,ILLUMINA,2024-08-05T00:00:00Z,2020-08-10T21:16:00Z,1,KFC1736_1_Guangdong_Huizhou_cp01,SRP276968,leaves,HAST: Kuo-Fang Chung 1736,cp01
SRR12425536,missing,RAD-Seq,96,158293728,PRJNA656315,SAMN15778223,Plant,103796807,ACADEMIA SINICA,public,not applicable,"fastq,sra,run.zq","gs,ncbi,s3","gs.us-east1,s3.us-east-1,ncbi.public",missing,not applicable,SRX8921229,China,Asia,"China: Yanping\, Nanping\, Fujian Province",Illumina HiSeq 2500,KFC1724-1,26.6831 N 118.1846 E,LGL16_KC03_504bp_phix_L3_KFC1724_1,SINGLE,Restriction Digest,GENOMIC,Broussonetia papyrifera,ILLUMINA,2024-08-05T00:00:00Z,2020-08-10T21:16:00Z,1,KFC1724_1_Fujian_Nanping_cp20,SRP276968,leaves,KFC1724,cp20
SRR12425537,missing,RAD-Seq,96,149968896,PRJNA656315,SAMN15778222,Plant,97661642,ACADEMIA SINICA,public,not applicable,"sra,run.zq,fastq","s3,ncbi,gs","ncbi.public,gs.us-east1,s3.us-east-1",missing,not applicable,SRX8921228,China,Asia,"China: Liancheng\, Longyan\, Fujian Province",Illumina HiSeq 2500,KFC1726-1,25.4537 N 116.6705 E,LGL16_KC03_504bp_phix_L3_KFC1726_1,SINGLE,Restriction Digest,GENOMIC,Broussonetia papyrifera,ILLUMINA,2024-08-05T00:00:00Z,2020-08-10T21:16:00Z,1,KFC1726_1_Fujian_Longyan_cp45,SRP276968,leaves,HAST: Kuo-Fang Chung 1726,cp45
SRR12425538,missing,RAD-Seq,96,225526560,PRJNA656315,SAMN15778132,Plant,146656757,ACADEMIA SINICA,public,not applicable,"sra,run.zq,fastq","ncbi,gs,s3","gs.us-east1,ncbi.public,s3.us-east-1",missing,not applicable,SRX8921227,Taiwan,Asia,"Taiwan: Guanshan Township\, Taitung County",Illumina HiSeq 2500,TGS02-2,23.07292778 N 121.1639139 E,LGL16_KC01_503bp_L1_TGS02_2,SINGLE,Restriction Digest,GENOMIC,Broussonetia papyrifera,ILLUMINA,2024-08-05T00:00:00Z,2020-08-10T21:16:00Z,1,TGS02_2_Taiwan_Taitung_CloseTocp05,SRP276968,leaves,TGS02,CloseTocp05
SRR12425539,missing,RAD-Seq,96,213915072,PRJNA656315,SAMN15778123,Plant,139006189,ACADEMIA SINICA,public,not applicable,"fastq,run.zq,sra","s3,ncbi,gs","gs.us-east1,ncbi.public,s3.us-east-1",missing,not applicable,SRX8921226,Taiwan,Asia,"Taiwan: Hsinwu District\, Taoyuan City",Illumina HiSeq 2500,KFC3423-1,24.9474682 N 121.165017 E,LGL16_KC01_503bp_L1_KFC3423_1,SINGLE,Restriction Digest,GENOMIC,Broussonetia papyrifera,ILLUMINA,2024-08-05T00:00:00Z,2020-08-10T21:16:00Z,1,KFC3423_1_Taiwan_Taoyuan_cp01,SRP276968,leaves,KFC3423,cp01
SRR12425540,missing,RAD-Seq,96,220170048,PRJNA656315,SAMN15778122,Plant,142914372,ACADEMIA SINICA,public,not applicable,"fastq,run.zq,sra","gs,s3,ncbi","ncbi.public,gs.us-east1,s3.us-east-1",missing,not applicable,SRX8921225,Taiwan,Asia,"Taiwan: National Taiwan University\, Zhongzheng\, Taipei City",Illumina HiSeq 2500,NTU01-3,25.01774769 N 121.542889 E,LGL16_KC01_503bp_L1_NTU01_3,SINGLE,Restriction Digest,GENOMIC,Broussonetia papyrifera,ILLUMINA,2024-08-05T00:00:00Z,2020-08-10T21:16:00Z,1,NTU01_3_Taiwan_Taipei_cp01,SRP276968,leaves,NTU01,cp01
