chrom,window_start,variant_count,chrom_label,chrom_length,window_end,window_mid,window_width,window_size,variants_per_mb,window_size_label
scaffold_1,1,375,Chr1,45697135,500000,250000.5,500000,500000,750,500 kb
scaffold_1,500001,301,Chr1,45697135,1000000,750000.5,500000,500000,602,500 kb
scaffold_1,1000001,459,Chr1,45697135,1500000,1250000.5,500000,500000,918,500 kb
scaffold_1,1500001,395,Chr1,45697135,2000000,1750000.5,500000,500000,790,500 kb
scaffold_1,2000001,378,Chr1,45697135,2500000,2250000.5,500000,500000,756,500 kb
scaffold_1,2500001,510,Chr1,45697135,3000000,2750000.5,500000,500000,1020,500 kb
scaffold_1,3000001,471,Chr1,45697135,3500000,3250000.5,500000,500000,942,500 kb
scaffold_1,3500001,435,Chr1,45697135,4000000,3750000.5,500000,500000,870,500 kb
scaffold_1,4000001,513,Chr1,45697135,4500000,4250000.5,500000,500000,1026,500 kb
scaffold_1,4500001,386,Chr1,45697135,5000000,4750000.5,500000,500000,772,500 kb
scaffold_1,5000001,331,Chr1,45697135,5500000,5250000.5,500000,500000,662,500 kb
scaffold_1,5500001,409,Chr1,45697135,6000000,5750000.5,500000,500000,818,500 kb
scaffold_1,6000001,399,Chr1,45697135,6500000,6250000.5,500000,500000,798,500 kb
scaffold_1,6500001,358,Chr1,45697135,7000000,6750000.5,500000,500000,716,500 kb
scaffold_1,7000001,193,Chr1,45697135,7500000,7250000.5,500000,500000,386,500 kb
scaffold_1,7500001,150,Chr1,45697135,8000000,7750000.5,500000,500000,300,500 kb
scaffold_1,8000001,189,Chr1,45697135,8500000,8250000.5,500000,500000,378,500 kb
scaffold_1,8500001,216,Chr1,45697135,9000000,8750000.5,500000,500000,432,500 kb
scaffold_1,9000001,256,Chr1,45697135,9500000,9250000.5,500000,500000,512,500 kb
scaffold_1,9500001,331,Chr1,45697135,10000000,9750000.5,500000,500000,662,500 kb
scaffold_1,10000001,223,Chr1,45697135,10500000,10250000.5,500000,500000,446,500 kb
scaffold_1,10500001,207,Chr1,45697135,11000000,10750000.5,500000,500000,414,500 kb
scaffold_1,11000001,180,Chr1,45697135,11500000,11250000.5,500000,500000,360,500 kb
scaffold_1,11500001,248,Chr1,45697135,12000000,11750000.5,500000,500000,496,500 kb
scaffold_1,12000001,274,Chr1,45697135,12500000,12250000.5,500000,500000,548,500 kb
scaffold_1,12500001,160,Chr1,45697135,13000000,12750000.5,500000,500000,320,500 kb
scaffold_1,13000001,197,Chr1,45697135,13500000,13250000.5,500000,500000,394,500 kb
scaffold_1,13500001,203,Chr1,45697135,14000000,13750000.5,500000,500000,406,500 kb
scaffold_1,14000001,161,Chr1,45697135,14500000,14250000.5,500000,500000,322,500 kb
scaffold_1,14500001,112,Chr1,45697135,15000000,14750000.5,500000,500000,224,500 kb
scaffold_1,15000001,135,Chr1,45697135,15500000,15250000.5,500000,500000,270,500 kb
scaffold_1,15500001,126,Chr1,45697135,16000000,15750000.5,500000,500000,252,500 kb
scaffold_1,16000001,115,Chr1,45697135,16500000,16250000.5,500000,500000,230,500 kb
scaffold_1,16500001,192,Chr1,45697135,17000000,16750000.5,500000,500000,384,500 kb
scaffold_1,17000001,345,Chr1,45697135,17500000,17250000.5,500000,500000,690,500 kb
scaffold_1,17500001,171,Chr1,45697135,18000000,17750000.5,500000,500000,342,500 kb
scaffold_1,18000001,287,Chr1,45697135,18500000,18250000.5,500000,500000,574,500 kb
scaffold_1,18500001,205,Chr1,45697135,19000000,18750000.5,500000,500000,410,500 kb
scaffold_1,19000001,346,Chr1,45697135,19500000,19250000.5,500000,500000,692,500 kb
scaffold_1,19500001,328,Chr1,45697135,20000000,19750000.5,500000,500000,656,500 kb
scaffold_1,20000001,284,Chr1,45697135,20500000,20250000.5,500000,500000,568,500 kb
scaffold_1,20500001,289,Chr1,45697135,21000000,20750000.5,500000,500000,578,500 kb
scaffold_1,21000001,329,Chr1,45697135,21500000,21250000.5,500000,500000,658,500 kb
scaffold_1,21500001,270,Chr1,45697135,22000000,21750000.5,500000,500000,540,500 kb
scaffold_1,22000001,238,Chr1,45697135,22500000,22250000.5,500000,500000,476,500 kb
scaffold_1,22500001,235,Chr1,45697135,23000000,22750000.5,500000,500000,470,500 kb
scaffold_1,23000001,293,Chr1,45697135,23500000,23250000.5,500000,500000,586,500 kb
scaffold_1,23500001,190,Chr1,45697135,24000000,23750000.5,500000,500000,380,500 kb
scaffold_1,24000001,300,Chr1,45697135,24500000,24250000.5,500000,500000,600,500 kb
scaffold_1,24500001,335,Chr1,45697135,25000000,24750000.5,500000,500000,670,500 kb
scaffold_1,25000001,223,Chr1,45697135,25500000,25250000.5,500000,500000,446,500 kb
scaffold_1,25500001,226,Chr1,45697135,26000000,25750000.5,500000,500000,452,500 kb
scaffold_1,26000001,257,Chr1,45697135,26500000,26250000.5,500000,500000,514,500 kb
scaffold_1,26500001,122,Chr1,45697135,27000000,26750000.5,500000,500000,244,500 kb
scaffold_1,27000001,158,Chr1,45697135,27500000,27250000.5,500000,500000,316,500 kb
scaffold_1,27500001,140,Chr1,45697135,28000000,27750000.5,500000,500000,280,500 kb
scaffold_1,28000001,176,Chr1,45697135,28500000,28250000.5,500000,500000,352,500 kb
scaffold_1,28500001,164,Chr1,45697135,29000000,28750000.5,500000,500000,328,500 kb
scaffold_1,29000001,238,Chr1,45697135,29500000,29250000.5,500000,500000,476,500 kb
scaffold_1,29500001,240,Chr1,45697135,30000000,29750000.5,500000,500000,480,500 kb
scaffold_1,30000001,165,Chr1,45697135,30500000,30250000.5,500000,500000,330,500 kb
scaffold_1,30500001,134,Chr1,45697135,31000000,30750000.5,500000,500000,268,500 kb
scaffold_1,31000001,134,Chr1,45697135,31500000,31250000.5,500000,500000,268,500 kb
scaffold_1,31500001,76,Chr1,45697135,32000000,31750000.5,500000,500000,152,500 kb
scaffold_1,32000001,101,Chr1,45697135,32500000,32250000.5,500000,500000,202,500 kb
scaffold_1,32500001,125,Chr1,45697135,33000000,32750000.5,500000,500000,250,500 kb
scaffold_1,33000001,127,Chr1,45697135,33500000,33250000.5,500000,500000,254,500 kb
scaffold_1,33500001,168,Chr1,45697135,34000000,33750000.5,500000,500000,336,500 kb
scaffold_1,34000001,206,Chr1,45697135,34500000,34250000.5,500000,500000,412,500 kb
scaffold_1,34500001,283,Chr1,45697135,35000000,34750000.5,500000,500000,566,500 kb
scaffold_1,35000001,270,Chr1,45697135,35500000,35250000.5,500000,500000,540,500 kb
scaffold_1,35500001,171,Chr1,45697135,36000000,35750000.5,500000,500000,342,500 kb
scaffold_1,36000001,306,Chr1,45697135,36500000,36250000.5,500000,500000,612,500 kb
scaffold_1,36500001,289,Chr1,45697135,37000000,36750000.5,500000,500000,578,500 kb
scaffold_1,37000001,359,Chr1,45697135,37500000,37250000.5,500000,500000,718,500 kb
scaffold_1,37500001,377,Chr1,45697135,38000000,37750000.5,500000,500000,754,500 kb
scaffold_1,38000001,264,Chr1,45697135,38500000,38250000.5,500000,500000,528,500 kb
scaffold_1,38500001,405,Chr1,45697135,39000000,38750000.5,500000,500000,810,500 kb
scaffold_1,39000001,292,Chr1,45697135,39500000,39250000.5,500000,500000,584,500 kb
scaffold_1,39500001,311,Chr1,45697135,40000000,39750000.5,500000,500000,622,500 kb
scaffold_1,40000001,502,Chr1,45697135,40500000,40250000.5,500000,500000,1004,500 kb
scaffold_1,40500001,398,Chr1,45697135,41000000,40750000.5,500000,500000,796,500 kb
scaffold_1,41000001,480,Chr1,45697135,41500000,41250000.5,500000,500000,960,500 kb
scaffold_1,41500001,311,Chr1,45697135,42000000,41750000.5,500000,500000,622,500 kb
scaffold_1,42000001,504,Chr1,45697135,42500000,42250000.5,500000,500000,1008,500 kb
scaffold_1,42500001,442,Chr1,45697135,43000000,42750000.5,500000,500000,884,500 kb
scaffold_1,43000001,543,Chr1,45697135,43500000,43250000.5,500000,500000,1086,500 kb
scaffold_1,43500001,464,Chr1,45697135,44000000,43750000.5,500000,500000,928,500 kb
scaffold_1,44000001,429,Chr1,45697135,44500000,44250000.5,500000,500000,858,500 kb
scaffold_1,44500001,490,Chr1,45697135,45000000,44750000.5,500000,500000,980,500 kb
scaffold_1,45000001,420,Chr1,45697135,45500000,45250000.5,500000,500000,840,500 kb
scaffold_1,45500001,156,Chr1,45697135,45697135,45598568,197135,500000,791.3358865751895,500 kb
scaffold_2,1,68,Chr2,40817374,500000,250000.5,500000,500000,136,500 kb
scaffold_2,500001,101,Chr2,40817374,1000000,750000.5,500000,500000,202,500 kb
scaffold_2,1000001,189,Chr2,40817374,1500000,1250000.5,500000,500000,378,500 kb
scaffold_2,1500001,70,Chr2,40817374,2000000,1750000.5,500000,500000,140,500 kb
scaffold_2,2000001,79,Chr2,40817374,2500000,2250000.5,500000,500000,158,500 kb
scaffold_2,2500001,69,Chr2,40817374,3000000,2750000.5,500000,500000,138,500 kb
scaffold_2,3000001,62,Chr2,40817374,3500000,3250000.5,500000,500000,124,500 kb
scaffold_2,3500001,81,Chr2,40817374,4000000,3750000.5,500000,500000,162,500 kb
scaffold_2,4000001,61,Chr2,40817374,4500000,4250000.5,500000,500000,122,500 kb
scaffold_2,4500001,64,Chr2,40817374,5000000,4750000.5,500000,500000,128,500 kb
scaffold_2,5000001,48,Chr2,40817374,5500000,5250000.5,500000,500000,96,500 kb
scaffold_2,5500001,100,Chr2,40817374,6000000,5750000.5,500000,500000,200,500 kb
scaffold_2,6000001,111,Chr2,40817374,6500000,6250000.5,500000,500000,222,500 kb
scaffold_2,6500001,73,Chr2,40817374,7000000,6750000.5,500000,500000,146,500 kb
scaffold_2,7000001,62,Chr2,40817374,7500000,7250000.5,500000,500000,124,500 kb
scaffold_2,7500001,78,Chr2,40817374,8000000,7750000.5,500000,500000,156,500 kb
scaffold_2,8000001,63,Chr2,40817374,8500000,8250000.5,500000,500000,126,500 kb
scaffold_2,8500001,93,Chr2,40817374,9000000,8750000.5,500000,500000,186,500 kb
scaffold_2,9000001,95,Chr2,40817374,9500000,9250000.5,500000,500000,190,500 kb
scaffold_2,9500001,96,Chr2,40817374,10000000,9750000.5,500000,500000,192,500 kb
scaffold_2,10000001,72,Chr2,40817374,10500000,10250000.5,500000,500000,144,500 kb
scaffold_2,10500001,100,Chr2,40817374,11000000,10750000.5,500000,500000,200,500 kb
scaffold_2,11000001,69,Chr2,40817374,11500000,11250000.5,500000,500000,138,500 kb
scaffold_2,11500001,89,Chr2,40817374,12000000,11750000.5,500000,500000,178,500 kb
scaffold_2,12000001,101,Chr2,40817374,12500000,12250000.5,500000,500000,202,500 kb
scaffold_2,12500001,74,Chr2,40817374,13000000,12750000.5,500000,500000,148,500 kb
scaffold_2,13000001,65,Chr2,40817374,13500000,13250000.5,500000,500000,130,500 kb
scaffold_2,13500001,93,Chr2,40817374,14000000,13750000.5,500000,500000,186,500 kb
scaffold_2,14000001,64,Chr2,40817374,14500000,14250000.5,500000,500000,128,500 kb
scaffold_2,14500001,53,Chr2,40817374,15000000,14750000.5,500000,500000,106,500 kb
scaffold_2,15000001,27,Chr2,40817374,15500000,15250000.5,500000,500000,54,500 kb
scaffold_2,15500001,73,Chr2,40817374,16000000,15750000.5,500000,500000,146,500 kb
scaffold_2,16000001,103,Chr2,40817374,16500000,16250000.5,500000,500000,206,500 kb
scaffold_2,16500001,104,Chr2,40817374,17000000,16750000.5,500000,500000,208,500 kb
scaffold_2,17000001,81,Chr2,40817374,17500000,17250000.5,500000,500000,162,500 kb
scaffold_2,17500001,40,Chr2,40817374,18000000,17750000.5,500000,500000,80,500 kb
scaffold_2,18000001,95,Chr2,40817374,18500000,18250000.5,500000,500000,190,500 kb
scaffold_2,18500001,93,Chr2,40817374,19000000,18750000.5,500000,500000,186,500 kb
scaffold_2,19000001,188,Chr2,40817374,19500000,19250000.5,500000,500000,376,500 kb
scaffold_2,19500001,201,Chr2,40817374,20000000,19750000.5,500000,500000,402,500 kb
scaffold_2,20000001,203,Chr2,40817374,20500000,20250000.5,500000,500000,406,500 kb
scaffold_2,20500001,112,Chr2,40817374,21000000,20750000.5,500000,500000,224,500 kb
scaffold_2,21000001,130,Chr2,40817374,21500000,21250000.5,500000,500000,260,500 kb
scaffold_2,21500001,164,Chr2,40817374,22000000,21750000.5,500000,500000,328,500 kb
scaffold_2,22000001,161,Chr2,40817374,22500000,22250000.5,500000,500000,322,500 kb
scaffold_2,22500001,154,Chr2,40817374,23000000,22750000.5,500000,500000,308,500 kb
scaffold_2,23000001,177,Chr2,40817374,23500000,23250000.5,500000,500000,354,500 kb
scaffold_2,23500001,133,Chr2,40817374,24000000,23750000.5,500000,500000,266,500 kb
scaffold_2,24000001,221,Chr2,40817374,24500000,24250000.5,500000,500000,442,500 kb
scaffold_2,24500001,192,Chr2,40817374,25000000,24750000.5,500000,500000,384,500 kb
scaffold_2,25000001,216,Chr2,40817374,25500000,25250000.5,500000,500000,432,500 kb
scaffold_2,25500001,324,Chr2,40817374,26000000,25750000.5,500000,500000,648,500 kb
scaffold_2,26000001,268,Chr2,40817374,26500000,26250000.5,500000,500000,536,500 kb
scaffold_2,26500001,289,Chr2,40817374,27000000,26750000.5,500000,500000,578,500 kb
scaffold_2,27000001,293,Chr2,40817374,27500000,27250000.5,500000,500000,586,500 kb
scaffold_2,27500001,262,Chr2,40817374,28000000,27750000.5,500000,500000,524,500 kb
scaffold_2,28000001,227,Chr2,40817374,28500000,28250000.5,500000,500000,454,500 kb
scaffold_2,28500001,247,Chr2,40817374,29000000,28750000.5,500000,500000,494,500 kb
scaffold_2,29000001,256,Chr2,40817374,29500000,29250000.5,500000,500000,512,500 kb
scaffold_2,29500001,318,Chr2,40817374,30000000,29750000.5,500000,500000,636,500 kb
scaffold_2,30000001,449,Chr2,40817374,30500000,30250000.5,500000,500000,898,500 kb
scaffold_2,30500001,354,Chr2,40817374,31000000,30750000.5,500000,500000,708,500 kb
scaffold_2,31000001,320,Chr2,40817374,31500000,31250000.5,500000,500000,640,500 kb
scaffold_2,31500001,372,Chr2,40817374,32000000,31750000.5,500000,500000,744,500 kb
scaffold_2,32000001,271,Chr2,40817374,32500000,32250000.5,500000,500000,542,500 kb
scaffold_2,32500001,344,Chr2,40817374,33000000,32750000.5,500000,500000,688,500 kb
scaffold_2,33000001,386,Chr2,40817374,33500000,33250000.5,500000,500000,772,500 kb
scaffold_2,33500001,278,Chr2,40817374,34000000,33750000.5,500000,500000,556,500 kb
scaffold_2,34000001,279,Chr2,40817374,34500000,34250000.5,500000,500000,558,500 kb
scaffold_2,34500001,416,Chr2,40817374,35000000,34750000.5,500000,500000,832,500 kb
scaffold_2,35000001,384,Chr2,40817374,35500000,35250000.5,500000,500000,768,500 kb
scaffold_2,35500001,471,Chr2,40817374,36000000,35750000.5,500000,500000,942,500 kb
scaffold_2,36000001,367,Chr2,40817374,36500000,36250000.5,500000,500000,734,500 kb
scaffold_2,36500001,418,Chr2,40817374,37000000,36750000.5,500000,500000,836,500 kb
scaffold_2,37000001,469,Chr2,40817374,37500000,37250000.5,500000,500000,938,500 kb
scaffold_2,37500001,407,Chr2,40817374,38000000,37750000.5,500000,500000,814,500 kb
scaffold_2,38000001,560,Chr2,40817374,38500000,38250000.5,500000,500000,1120,500 kb
scaffold_2,38500001,391,Chr2,40817374,39000000,38750000.5,500000,500000,782,500 kb
scaffold_2,39000001,541,Chr2,40817374,39500000,39250000.5,500000,500000,1082,500 kb
scaffold_2,39500001,445,Chr2,40817374,40000000,39750000.5,500000,500000,890,500 kb
scaffold_2,40000001,479,Chr2,40817374,40500000,40250000.5,500000,500000,958,500 kb
scaffold_2,40500001,215,Chr2,40817374,40817374,40658687.5,317374,500000,677.4341943574458,500 kb
scaffold_3,1,77,Chr3,35723232,500000,250000.5,500000,500000,154,500 kb
scaffold_3,500001,90,Chr3,35723232,1000000,750000.5,500000,500000,180,500 kb
scaffold_3,1000001,65,Chr3,35723232,1500000,1250000.5,500000,500000,130,500 kb
scaffold_3,1500001,84,Chr3,35723232,2000000,1750000.5,500000,500000,168,500 kb
scaffold_3,2000001,48,Chr3,35723232,2500000,2250000.5,500000,500000,96,500 kb
scaffold_3,2500001,64,Chr3,35723232,3000000,2750000.5,500000,500000,128,500 kb
scaffold_3,3000001,52,Chr3,35723232,3500000,3250000.5,500000,500000,104,500 kb
scaffold_3,3500001,71,Chr3,35723232,4000000,3750000.5,500000,500000,142,500 kb
scaffold_3,4000001,49,Chr3,35723232,4500000,4250000.5,500000,500000,98,500 kb
scaffold_3,4500001,88,Chr3,35723232,5000000,4750000.5,500000,500000,176,500 kb
scaffold_3,5000001,80,Chr3,35723232,5500000,5250000.5,500000,500000,160,500 kb
scaffold_3,5500001,72,Chr3,35723232,6000000,5750000.5,500000,500000,144,500 kb
scaffold_3,6000001,95,Chr3,35723232,6500000,6250000.5,500000,500000,190,500 kb
scaffold_3,6500001,87,Chr3,35723232,7000000,6750000.5,500000,500000,174,500 kb
scaffold_3,7000001,91,Chr3,35723232,7500000,7250000.5,500000,500000,182,500 kb
scaffold_3,7500001,69,Chr3,35723232,8000000,7750000.5,500000,500000,138,500 kb
scaffold_3,8000001,77,Chr3,35723232,8500000,8250000.5,500000,500000,154,500 kb
scaffold_3,8500001,65,Chr3,35723232,9000000,8750000.5,500000,500000,130,500 kb
scaffold_3,9000001,159,Chr3,35723232,9500000,9250000.5,500000,500000,318,500 kb
scaffold_3,9500001,128,Chr3,35723232,10000000,9750000.5,500000,500000,256,500 kb
scaffold_3,10000001,101,Chr3,35723232,10500000,10250000.5,500000,500000,202,500 kb
scaffold_3,10500001,93,Chr3,35723232,11000000,10750000.5,500000,500000,186,500 kb
scaffold_3,11000001,91,Chr3,35723232,11500000,11250000.5,500000,500000,182,500 kb
scaffold_3,11500001,96,Chr3,35723232,12000000,11750000.5,500000,500000,192,500 kb
scaffold_3,12000001,104,Chr3,35723232,12500000,12250000.5,500000,500000,208,500 kb
scaffold_3,12500001,48,Chr3,35723232,13000000,12750000.5,500000,500000,96,500 kb
scaffold_3,13000001,74,Chr3,35723232,13500000,13250000.5,500000,500000,148,500 kb
scaffold_3,13500001,70,Chr3,35723232,14000000,13750000.5,500000,500000,140,500 kb
scaffold_3,14000001,60,Chr3,35723232,14500000,14250000.5,500000,500000,120,500 kb
scaffold_3,14500001,107,Chr3,35723232,15000000,14750000.5,500000,500000,214,500 kb
scaffold_3,15000001,124,Chr3,35723232,15500000,15250000.5,500000,500000,248,500 kb
scaffold_3,15500001,89,Chr3,35723232,16000000,15750000.5,500000,500000,178,500 kb
scaffold_3,16000001,88,Chr3,35723232,16500000,16250000.5,500000,500000,176,500 kb
scaffold_3,16500001,115,Chr3,35723232,17000000,16750000.5,500000,500000,230,500 kb
scaffold_3,17000001,159,Chr3,35723232,17500000,17250000.5,500000,500000,318,500 kb
scaffold_3,17500001,176,Chr3,35723232,18000000,17750000.5,500000,500000,352,500 kb
scaffold_3,18000001,169,Chr3,35723232,18500000,18250000.5,500000,500000,338,500 kb
scaffold_3,18500001,249,Chr3,35723232,19000000,18750000.5,500000,500000,498,500 kb
scaffold_3,19000001,174,Chr3,35723232,19500000,19250000.5,500000,500000,348,500 kb
scaffold_3,19500001,205,Chr3,35723232,20000000,19750000.5,500000,500000,410,500 kb
scaffold_3,20000001,175,Chr3,35723232,20500000,20250000.5,500000,500000,350,500 kb
scaffold_3,20500001,221,Chr3,35723232,21000000,20750000.5,500000,500000,442,500 kb
scaffold_3,21000001,222,Chr3,35723232,21500000,21250000.5,500000,500000,444,500 kb
scaffold_3,21500001,291,Chr3,35723232,22000000,21750000.5,500000,500000,582,500 kb
scaffold_3,22000001,235,Chr3,35723232,22500000,22250000.5,500000,500000,470,500 kb
scaffold_3,22500001,170,Chr3,35723232,23000000,22750000.5,500000,500000,340,500 kb
scaffold_3,23000001,247,Chr3,35723232,23500000,23250000.5,500000,500000,494,500 kb
scaffold_3,23500001,152,Chr3,35723232,24000000,23750000.5,500000,500000,304,500 kb
scaffold_3,24000001,264,Chr3,35723232,24500000,24250000.5,500000,500000,528,500 kb
scaffold_3,24500001,246,Chr3,35723232,25000000,24750000.5,500000,500000,492,500 kb
scaffold_3,25000001,273,Chr3,35723232,25500000,25250000.5,500000,500000,546,500 kb
scaffold_3,25500001,307,Chr3,35723232,26000000,25750000.5,500000,500000,614,500 kb
scaffold_3,26000001,291,Chr3,35723232,26500000,26250000.5,500000,500000,582,500 kb
scaffold_3,26500001,373,Chr3,35723232,27000000,26750000.5,500000,500000,746,500 kb
scaffold_3,27000001,368,Chr3,35723232,27500000,27250000.5,500000,500000,736,500 kb
scaffold_3,27500001,389,Chr3,35723232,28000000,27750000.5,500000,500000,778,500 kb
scaffold_3,28000001,388,Chr3,35723232,28500000,28250000.5,500000,500000,776,500 kb
scaffold_3,28500001,444,Chr3,35723232,29000000,28750000.5,500000,500000,888,500 kb
scaffold_3,29000001,559,Chr3,35723232,29500000,29250000.5,500000,500000,1118,500 kb
scaffold_3,29500001,554,Chr3,35723232,30000000,29750000.5,500000,500000,1108,500 kb
scaffold_3,30000001,369,Chr3,35723232,30500000,30250000.5,500000,500000,738,500 kb
scaffold_3,30500001,381,Chr3,35723232,31000000,30750000.5,500000,500000,762,500 kb
scaffold_3,31000001,583,Chr3,35723232,31500000,31250000.5,500000,500000,1166,500 kb
scaffold_3,31500001,440,Chr3,35723232,32000000,31750000.5,500000,500000,880,500 kb
scaffold_3,32000001,478,Chr3,35723232,32500000,32250000.5,500000,500000,956,500 kb
scaffold_3,32500001,429,Chr3,35723232,33000000,32750000.5,500000,500000,858,500 kb
scaffold_3,33000001,463,Chr3,35723232,33500000,33250000.5,500000,500000,926,500 kb
scaffold_3,33500001,487,Chr3,35723232,34000000,33750000.5,500000,500000,974,500 kb
scaffold_3,34000001,498,Chr3,35723232,34500000,34250000.5,500000,500000,996,500 kb
scaffold_3,34500001,416,Chr3,35723232,35000000,34750000.5,500000,500000,832,500 kb
scaffold_3,35000001,622,Chr3,35723232,35500000,35250000.5,500000,500000,1244,500 kb
scaffold_3,35500001,230,Chr3,35723232,35723232,35611616.5,223232,500000,1030.318233944954,500 kb
scaffold_4,1,73,Chr4,32323243,500000,250000.5,500000,500000,146,500 kb
scaffold_4,500001,54,Chr4,32323243,1000000,750000.5,500000,500000,108,500 kb
scaffold_4,1000001,62,Chr4,32323243,1500000,1250000.5,500000,500000,124,500 kb
scaffold_4,1500001,76,Chr4,32323243,2000000,1750000.5,500000,500000,152,500 kb
scaffold_4,2000001,54,Chr4,32323243,2500000,2250000.5,500000,500000,108,500 kb
scaffold_4,2500001,75,Chr4,32323243,3000000,2750000.5,500000,500000,150,500 kb
scaffold_4,3000001,79,Chr4,32323243,3500000,3250000.5,500000,500000,158,500 kb
scaffold_4,3500001,96,Chr4,32323243,4000000,3750000.5,500000,500000,192,500 kb
scaffold_4,4000001,75,Chr4,32323243,4500000,4250000.5,500000,500000,150,500 kb
scaffold_4,4500001,79,Chr4,32323243,5000000,4750000.5,500000,500000,158,500 kb
scaffold_4,5000001,54,Chr4,32323243,5500000,5250000.5,500000,500000,108,500 kb
scaffold_4,5500001,54,Chr4,32323243,6000000,5750000.5,500000,500000,108,500 kb
scaffold_4,6000001,86,Chr4,32323243,6500000,6250000.5,500000,500000,172,500 kb
scaffold_4,6500001,44,Chr4,32323243,7000000,6750000.5,500000,500000,88,500 kb
scaffold_4,7000001,48,Chr4,32323243,7500000,7250000.5,500000,500000,96,500 kb
scaffold_4,7500001,62,Chr4,32323243,8000000,7750000.5,500000,500000,124,500 kb
scaffold_4,8000001,73,Chr4,32323243,8500000,8250000.5,500000,500000,146,500 kb
scaffold_4,8500001,59,Chr4,32323243,9000000,8750000.5,500000,500000,118,500 kb
scaffold_4,9000001,75,Chr4,32323243,9500000,9250000.5,500000,500000,150,500 kb
scaffold_4,9500001,63,Chr4,32323243,10000000,9750000.5,500000,500000,126,500 kb
scaffold_4,10000001,83,Chr4,32323243,10500000,10250000.5,500000,500000,166,500 kb
scaffold_4,10500001,80,Chr4,32323243,11000000,10750000.5,500000,500000,160,500 kb
scaffold_4,11000001,63,Chr4,32323243,11500000,11250000.5,500000,500000,126,500 kb
scaffold_4,11500001,61,Chr4,32323243,12000000,11750000.5,500000,500000,122,500 kb
scaffold_4,12000001,77,Chr4,32323243,12500000,12250000.5,500000,500000,154,500 kb
scaffold_4,12500001,72,Chr4,32323243,13000000,12750000.5,500000,500000,144,500 kb
scaffold_4,13000001,106,Chr4,32323243,13500000,13250000.5,500000,500000,212,500 kb
scaffold_4,13500001,97,Chr4,32323243,14000000,13750000.5,500000,500000,194,500 kb
scaffold_4,14000001,76,Chr4,32323243,14500000,14250000.5,500000,500000,152,500 kb
scaffold_4,14500001,63,Chr4,32323243,15000000,14750000.5,500000,500000,126,500 kb
scaffold_4,15000001,105,Chr4,32323243,15500000,15250000.5,500000,500000,210,500 kb
scaffold_4,15500001,105,Chr4,32323243,16000000,15750000.5,500000,500000,210,500 kb
scaffold_4,16000001,80,Chr4,32323243,16500000,16250000.5,500000,500000,160,500 kb
scaffold_4,16500001,158,Chr4,32323243,17000000,16750000.5,500000,500000,316,500 kb
scaffold_4,17000001,95,Chr4,32323243,17500000,17250000.5,500000,500000,190,500 kb
scaffold_4,17500001,95,Chr4,32323243,18000000,17750000.5,500000,500000,190,500 kb
scaffold_4,18000001,85,Chr4,32323243,18500000,18250000.5,500000,500000,170,500 kb
scaffold_4,18500001,143,Chr4,32323243,19000000,18750000.5,500000,500000,286,500 kb
scaffold_4,19000001,130,Chr4,32323243,19500000,19250000.5,500000,500000,260,500 kb
scaffold_4,19500001,191,Chr4,32323243,20000000,19750000.5,500000,500000,382,500 kb
scaffold_4,20000001,222,Chr4,32323243,20500000,20250000.5,500000,500000,444,500 kb
scaffold_4,20500001,177,Chr4,32323243,21000000,20750000.5,500000,500000,354,500 kb
scaffold_4,21000001,273,Chr4,32323243,21500000,21250000.5,500000,500000,546,500 kb
scaffold_4,21500001,294,Chr4,32323243,22000000,21750000.5,500000,500000,588,500 kb
scaffold_4,22000001,180,Chr4,32323243,22500000,22250000.5,500000,500000,360,500 kb
scaffold_4,22500001,272,Chr4,32323243,23000000,22750000.5,500000,500000,544,500 kb
scaffold_4,23000001,254,Chr4,32323243,23500000,23250000.5,500000,500000,508,500 kb
scaffold_4,23500001,243,Chr4,32323243,24000000,23750000.5,500000,500000,486,500 kb
scaffold_4,24000001,337,Chr4,32323243,24500000,24250000.5,500000,500000,674,500 kb
scaffold_4,24500001,314,Chr4,32323243,25000000,24750000.5,500000,500000,628,500 kb
scaffold_4,25000001,236,Chr4,32323243,25500000,25250000.5,500000,500000,472,500 kb
scaffold_4,25500001,289,Chr4,32323243,26000000,25750000.5,500000,500000,578,500 kb
scaffold_4,26000001,281,Chr4,32323243,26500000,26250000.5,500000,500000,562,500 kb
scaffold_4,26500001,325,Chr4,32323243,27000000,26750000.5,500000,500000,650,500 kb
scaffold_4,27000001,493,Chr4,32323243,27500000,27250000.5,500000,500000,986,500 kb
scaffold_4,27500001,309,Chr4,32323243,28000000,27750000.5,500000,500000,618,500 kb
scaffold_4,28000001,404,Chr4,32323243,28500000,28250000.5,500000,500000,808,500 kb
scaffold_4,28500001,440,Chr4,32323243,29000000,28750000.5,500000,500000,880,500 kb
scaffold_4,29000001,507,Chr4,32323243,29500000,29250000.5,500000,500000,1014,500 kb
scaffold_4,29500001,399,Chr4,32323243,30000000,29750000.5,500000,500000,798,500 kb
scaffold_4,30000001,457,Chr4,32323243,30500000,30250000.5,500000,500000,914,500 kb
scaffold_4,30500001,325,Chr4,32323243,31000000,30750000.5,500000,500000,650,500 kb
scaffold_4,31000001,539,Chr4,32323243,31500000,31250000.5,500000,500000,1078,500 kb
scaffold_4,31500001,432,Chr4,32323243,32000000,31750000.5,500000,500000,864,500 kb
scaffold_4,32000001,288,Chr4,32323243,32323243,32161622,323243,500000,890.9705701283555,500 kb
scaffold_5,1,425,Chr5,30106416,500000,250000.5,500000,500000,850,500 kb
scaffold_5,500001,357,Chr5,30106416,1000000,750000.5,500000,500000,714,500 kb
scaffold_5,1000001,373,Chr5,30106416,1500000,1250000.5,500000,500000,746,500 kb
scaffold_5,1500001,532,Chr5,30106416,2000000,1750000.5,500000,500000,1064,500 kb
scaffold_5,2000001,309,Chr5,30106416,2500000,2250000.5,500000,500000,618,500 kb
scaffold_5,2500001,283,Chr5,30106416,3000000,2750000.5,500000,500000,566,500 kb
scaffold_5,3000001,352,Chr5,30106416,3500000,3250000.5,500000,500000,704,500 kb
scaffold_5,3500001,81,Chr5,30106416,4000000,3750000.5,500000,500000,162,500 kb
scaffold_5,4000001,438,Chr5,30106416,4500000,4250000.5,500000,500000,876,500 kb
scaffold_5,4500001,247,Chr5,30106416,5000000,4750000.5,500000,500000,494,500 kb
scaffold_5,5000001,456,Chr5,30106416,5500000,5250000.5,500000,500000,912,500 kb
scaffold_5,5500001,608,Chr5,30106416,6000000,5750000.5,500000,500000,1216,500 kb
scaffold_5,6000001,373,Chr5,30106416,6500000,6250000.5,500000,500000,746,500 kb
scaffold_5,6500001,326,Chr5,30106416,7000000,6750000.5,500000,500000,652,500 kb
scaffold_5,7000001,412,Chr5,30106416,7500000,7250000.5,500000,500000,824,500 kb
scaffold_5,7500001,137,Chr5,30106416,8000000,7750000.5,500000,500000,274,500 kb
scaffold_5,8000001,110,Chr5,30106416,8500000,8250000.5,500000,500000,220,500 kb
scaffold_5,8500001,158,Chr5,30106416,9000000,8750000.5,500000,500000,316,500 kb
scaffold_5,9000001,163,Chr5,30106416,9500000,9250000.5,500000,500000,326,500 kb
scaffold_5,9500001,220,Chr5,30106416,10000000,9750000.5,500000,500000,440,500 kb
scaffold_5,10000001,237,Chr5,30106416,10500000,10250000.5,500000,500000,474,500 kb
scaffold_5,10500001,414,Chr5,30106416,11000000,10750000.5,500000,500000,828,500 kb
scaffold_5,11000001,380,Chr5,30106416,11500000,11250000.5,500000,500000,760,500 kb
scaffold_5,11500001,368,Chr5,30106416,12000000,11750000.5,500000,500000,736,500 kb
scaffold_5,12000001,286,Chr5,30106416,12500000,12250000.5,500000,500000,572,500 kb
scaffold_5,12500001,336,Chr5,30106416,13000000,12750000.5,500000,500000,672,500 kb
scaffold_5,13000001,311,Chr5,30106416,13500000,13250000.5,500000,500000,622,500 kb
scaffold_5,13500001,260,Chr5,30106416,14000000,13750000.5,500000,500000,520,500 kb
scaffold_5,14000001,243,Chr5,30106416,14500000,14250000.5,500000,500000,486,500 kb
scaffold_5,14500001,278,Chr5,30106416,15000000,14750000.5,500000,500000,556,500 kb
scaffold_5,15000001,191,Chr5,30106416,15500000,15250000.5,500000,500000,382,500 kb
scaffold_5,15500001,197,Chr5,30106416,16000000,15750000.5,500000,500000,394,500 kb
scaffold_5,16000001,240,Chr5,30106416,16500000,16250000.5,500000,500000,480,500 kb
scaffold_5,16500001,155,Chr5,30106416,17000000,16750000.5,500000,500000,310,500 kb
scaffold_5,17000001,143,Chr5,30106416,17500000,17250000.5,500000,500000,286,500 kb
scaffold_5,17500001,135,Chr5,30106416,18000000,17750000.5,500000,500000,270,500 kb
scaffold_5,18000001,52,Chr5,30106416,18500000,18250000.5,500000,500000,104,500 kb
scaffold_5,18500001,127,Chr5,30106416,19000000,18750000.5,500000,500000,254,500 kb
scaffold_5,19000001,158,Chr5,30106416,19500000,19250000.5,500000,500000,316,500 kb
scaffold_5,19500001,275,Chr5,30106416,20000000,19750000.5,500000,500000,550,500 kb
scaffold_5,20000001,203,Chr5,30106416,20500000,20250000.5,500000,500000,406,500 kb
scaffold_5,20500001,262,Chr5,30106416,21000000,20750000.5,500000,500000,524,500 kb
scaffold_5,21000001,166,Chr5,30106416,21500000,21250000.5,500000,500000,332,500 kb
scaffold_5,21500001,320,Chr5,30106416,22000000,21750000.5,500000,500000,640,500 kb
scaffold_5,22000001,238,Chr5,30106416,22500000,22250000.5,500000,500000,476,500 kb
scaffold_5,22500001,319,Chr5,30106416,23000000,22750000.5,500000,500000,638,500 kb
scaffold_5,23000001,213,Chr5,30106416,23500000,23250000.5,500000,500000,426,500 kb
scaffold_5,23500001,292,Chr5,30106416,24000000,23750000.5,500000,500000,584,500 kb
scaffold_5,24000001,230,Chr5,30106416,24500000,24250000.5,500000,500000,460,500 kb
scaffold_5,24500001,269,Chr5,30106416,25000000,24750000.5,500000,500000,538,500 kb
scaffold_5,25000001,216,Chr5,30106416,25500000,25250000.5,500000,500000,432,500 kb
scaffold_5,25500001,411,Chr5,30106416,26000000,25750000.5,500000,500000,822,500 kb
scaffold_5,26000001,355,Chr5,30106416,26500000,26250000.5,500000,500000,710,500 kb
scaffold_5,26500001,458,Chr5,30106416,27000000,26750000.5,500000,500000,916,500 kb
scaffold_5,27000001,85,Chr5,30106416,27500000,27250000.5,500000,500000,170,500 kb
scaffold_5,27500001,272,Chr5,30106416,28000000,27750000.5,500000,500000,544,500 kb
scaffold_5,28000001,418,Chr5,30106416,28500000,28250000.5,500000,500000,836,500 kb
scaffold_5,28500001,278,Chr5,30106416,29000000,28750000.5,500000,500000,556,500 kb
scaffold_5,29000001,346,Chr5,30106416,29500000,29250000.5,500000,500000,692,500 kb
scaffold_5,29500001,582,Chr5,30106416,30000000,29750000.5,500000,500000,1164,500 kb
scaffold_5,30000001,45,Chr5,30106416,30106416,30053208.5,106416,500000,422.8687415426252,500 kb
scaffold_6,1,324,Chr6,23938505,500000,250000.5,500000,500000,648,500 kb
scaffold_6,500001,427,Chr6,23938505,1000000,750000.5,500000,500000,854,500 kb
scaffold_6,1000001,467,Chr6,23938505,1500000,1250000.5,500000,500000,934,500 kb
scaffold_6,1500001,440,Chr6,23938505,2000000,1750000.5,500000,500000,880,500 kb
scaffold_6,2000001,543,Chr6,23938505,2500000,2250000.5,500000,500000,1086,500 kb
scaffold_6,2500001,578,Chr6,23938505,3000000,2750000.5,500000,500000,1156,500 kb
scaffold_6,3000001,587,Chr6,23938505,3500000,3250000.5,500000,500000,1174,500 kb
scaffold_6,3500001,501,Chr6,23938505,4000000,3750000.5,500000,500000,1002,500 kb
scaffold_6,4000001,486,Chr6,23938505,4500000,4250000.5,500000,500000,972,500 kb
scaffold_6,4500001,600,Chr6,23938505,5000000,4750000.5,500000,500000,1200,500 kb
scaffold_6,5000001,423,Chr6,23938505,5500000,5250000.5,500000,500000,846,500 kb
scaffold_6,5500001,606,Chr6,23938505,6000000,5750000.5,500000,500000,1212,500 kb
scaffold_6,6000001,542,Chr6,23938505,6500000,6250000.5,500000,500000,1084,500 kb
scaffold_6,6500001,451,Chr6,23938505,7000000,6750000.5,500000,500000,902,500 kb
scaffold_6,7000001,557,Chr6,23938505,7500000,7250000.5,500000,500000,1114,500 kb
scaffold_6,7500001,470,Chr6,23938505,8000000,7750000.5,500000,500000,940,500 kb
scaffold_6,8000001,451,Chr6,23938505,8500000,8250000.5,500000,500000,902,500 kb
scaffold_6,8500001,245,Chr6,23938505,9000000,8750000.5,500000,500000,490,500 kb
scaffold_6,9000001,274,Chr6,23938505,9500000,9250000.5,500000,500000,548,500 kb
scaffold_6,9500001,317,Chr6,23938505,10000000,9750000.5,500000,500000,634,500 kb
scaffold_6,10000001,402,Chr6,23938505,10500000,10250000.5,500000,500000,804,500 kb
scaffold_6,10500001,269,Chr6,23938505,11000000,10750000.5,500000,500000,538,500 kb
scaffold_6,11000001,421,Chr6,23938505,11500000,11250000.5,500000,500000,842,500 kb
scaffold_6,11500001,346,Chr6,23938505,12000000,11750000.5,500000,500000,692,500 kb
scaffold_6,12000001,218,Chr6,23938505,12500000,12250000.5,500000,500000,436,500 kb
scaffold_6,12500001,234,Chr6,23938505,13000000,12750000.5,500000,500000,468,500 kb
scaffold_6,13000001,267,Chr6,23938505,13500000,13250000.5,500000,500000,534,500 kb
scaffold_6,13500001,371,Chr6,23938505,14000000,13750000.5,500000,500000,742,500 kb
scaffold_6,14000001,257,Chr6,23938505,14500000,14250000.5,500000,500000,514,500 kb
scaffold_6,14500001,336,Chr6,23938505,15000000,14750000.5,500000,500000,672,500 kb
scaffold_6,15000001,384,Chr6,23938505,15500000,15250000.5,500000,500000,768,500 kb
scaffold_6,15500001,267,Chr6,23938505,16000000,15750000.5,500000,500000,534,500 kb
scaffold_6,16000001,484,Chr6,23938505,16500000,16250000.5,500000,500000,968,500 kb
scaffold_6,16500001,283,Chr6,23938505,17000000,16750000.5,500000,500000,566,500 kb
scaffold_6,17000001,384,Chr6,23938505,17500000,17250000.5,500000,500000,768,500 kb
scaffold_6,17500001,347,Chr6,23938505,18000000,17750000.5,500000,500000,694,500 kb
scaffold_6,18000001,439,Chr6,23938505,18500000,18250000.5,500000,500000,878,500 kb
scaffold_6,18500001,269,Chr6,23938505,19000000,18750000.5,500000,500000,538,500 kb
scaffold_6,19000001,128,Chr6,23938505,19500000,19250000.5,500000,500000,256,500 kb
scaffold_6,19500001,212,Chr6,23938505,20000000,19750000.5,500000,500000,424,500 kb
scaffold_6,20000001,375,Chr6,23938505,20500000,20250000.5,500000,500000,750,500 kb
scaffold_6,20500001,195,Chr6,23938505,21000000,20750000.5,500000,500000,390,500 kb
scaffold_6,21000001,261,Chr6,23938505,21500000,21250000.5,500000,500000,522,500 kb
scaffold_6,21500001,253,Chr6,23938505,22000000,21750000.5,500000,500000,506,500 kb
scaffold_6,22000001,197,Chr6,23938505,22500000,22250000.5,500000,500000,394,500 kb
scaffold_6,22500001,144,Chr6,23938505,23000000,22750000.5,500000,500000,288,500 kb
scaffold_6,23000001,146,Chr6,23938505,23500000,23250000.5,500000,500000,292,500 kb
scaffold_6,23500001,70,Chr6,23938505,23938505,23719253,438505,500000,159.633299506277,500 kb
scaffold_7,1,338,Chr7,22643560,500000,250000.5,500000,500000,676,500 kb
scaffold_7,500001,460,Chr7,22643560,1000000,750000.5,500000,500000,920,500 kb
scaffold_7,1000001,485,Chr7,22643560,1500000,1250000.5,500000,500000,970,500 kb
scaffold_7,1500001,419,Chr7,22643560,2000000,1750000.5,500000,500000,838,500 kb
scaffold_7,2000001,585,Chr7,22643560,2500000,2250000.5,500000,500000,1170,500 kb
scaffold_7,2500001,460,Chr7,22643560,3000000,2750000.5,500000,500000,920,500 kb
scaffold_7,3000001,474,Chr7,22643560,3500000,3250000.5,500000,500000,948,500 kb
scaffold_7,3500001,412,Chr7,22643560,4000000,3750000.5,500000,500000,824,500 kb
scaffold_7,4000001,487,Chr7,22643560,4500000,4250000.5,500000,500000,974,500 kb
scaffold_7,4500001,462,Chr7,22643560,5000000,4750000.5,500000,500000,924,500 kb
scaffold_7,5000001,313,Chr7,22643560,5500000,5250000.5,500000,500000,626,500 kb
scaffold_7,5500001,454,Chr7,22643560,6000000,5750000.5,500000,500000,908,500 kb
scaffold_7,6000001,441,Chr7,22643560,6500000,6250000.5,500000,500000,882,500 kb
scaffold_7,6500001,210,Chr7,22643560,7000000,6750000.5,500000,500000,420,500 kb
scaffold_7,7000001,293,Chr7,22643560,7500000,7250000.5,500000,500000,586,500 kb
scaffold_7,7500001,261,Chr7,22643560,8000000,7750000.5,500000,500000,522,500 kb
scaffold_7,8000001,229,Chr7,22643560,8500000,8250000.5,500000,500000,458,500 kb
scaffold_7,8500001,288,Chr7,22643560,9000000,8750000.5,500000,500000,576,500 kb
scaffold_7,9000001,263,Chr7,22643560,9500000,9250000.5,500000,500000,526,500 kb
scaffold_7,9500001,347,Chr7,22643560,10000000,9750000.5,500000,500000,694,500 kb
scaffold_7,10000001,315,Chr7,22643560,10500000,10250000.5,500000,500000,630,500 kb
scaffold_7,10500001,250,Chr7,22643560,11000000,10750000.5,500000,500000,500,500 kb
scaffold_7,11000001,341,Chr7,22643560,11500000,11250000.5,500000,500000,682,500 kb
scaffold_7,11500001,110,Chr7,22643560,12000000,11750000.5,500000,500000,220,500 kb
scaffold_7,12000001,199,Chr7,22643560,12500000,12250000.5,500000,500000,398,500 kb
scaffold_7,12500001,306,Chr7,22643560,13000000,12750000.5,500000,500000,612,500 kb
scaffold_7,13000001,231,Chr7,22643560,13500000,13250000.5,500000,500000,462,500 kb
scaffold_7,13500001,302,Chr7,22643560,14000000,13750000.5,500000,500000,604,500 kb
scaffold_7,14000001,178,Chr7,22643560,14500000,14250000.5,500000,500000,356,500 kb
scaffold_7,14500001,184,Chr7,22643560,15000000,14750000.5,500000,500000,368,500 kb
scaffold_7,15000001,127,Chr7,22643560,15500000,15250000.5,500000,500000,254,500 kb
scaffold_7,15500001,157,Chr7,22643560,16000000,15750000.5,500000,500000,314,500 kb
scaffold_7,16000001,121,Chr7,22643560,16500000,16250000.5,500000,500000,242,500 kb
scaffold_7,16500001,134,Chr7,22643560,17000000,16750000.5,500000,500000,268,500 kb
scaffold_7,17000001,191,Chr7,22643560,17500000,17250000.5,500000,500000,382,500 kb
scaffold_7,17500001,156,Chr7,22643560,18000000,17750000.5,500000,500000,312,500 kb
scaffold_7,18000001,112,Chr7,22643560,18500000,18250000.5,500000,500000,224,500 kb
scaffold_7,18500001,112,Chr7,22643560,19000000,18750000.5,500000,500000,224,500 kb
scaffold_7,19000001,168,Chr7,22643560,19500000,19250000.5,500000,500000,336,500 kb
scaffold_7,19500001,62,Chr7,22643560,20000000,19750000.5,500000,500000,124,500 kb
scaffold_7,20000001,113,Chr7,22643560,20500000,20250000.5,500000,500000,226,500 kb
scaffold_7,20500001,157,Chr7,22643560,21000000,20750000.5,500000,500000,314,500 kb
scaffold_7,21000001,140,Chr7,22643560,21500000,21250000.5,500000,500000,280,500 kb
scaffold_7,21500001,89,Chr7,22643560,22000000,21750000.5,500000,500000,178,500 kb
scaffold_7,22000001,53,Chr7,22643560,22500000,22250000.5,500000,500000,106,500 kb
scaffold_7,22500001,27,Chr7,22643560,22643560,22571780.5,143560,500000,188.0746726107551,500 kb
scaffold_8,1,186,Chr8,22139275,500000,250000.5,500000,500000,372,500 kb
scaffold_8,500001,309,Chr8,22139275,1000000,750000.5,500000,500000,618,500 kb
scaffold_8,1000001,382,Chr8,22139275,1500000,1250000.5,500000,500000,764,500 kb
scaffold_8,1500001,345,Chr8,22139275,2000000,1750000.5,500000,500000,690,500 kb
scaffold_8,2000001,252,Chr8,22139275,2500000,2250000.5,500000,500000,504,500 kb
scaffold_8,2500001,275,Chr8,22139275,3000000,2750000.5,500000,500000,550,500 kb
scaffold_8,3000001,190,Chr8,22139275,3500000,3250000.5,500000,500000,380,500 kb
scaffold_8,3500001,144,Chr8,22139275,4000000,3750000.5,500000,500000,288,500 kb
scaffold_8,4000001,232,Chr8,22139275,4500000,4250000.5,500000,500000,464,500 kb
scaffold_8,4500001,318,Chr8,22139275,5000000,4750000.5,500000,500000,636,500 kb
scaffold_8,5000001,395,Chr8,22139275,5500000,5250000.5,500000,500000,790,500 kb
scaffold_8,5500001,255,Chr8,22139275,6000000,5750000.5,500000,500000,510,500 kb
scaffold_8,6000001,404,Chr8,22139275,6500000,6250000.5,500000,500000,808,500 kb
scaffold_8,6500001,320,Chr8,22139275,7000000,6750000.5,500000,500000,640,500 kb
scaffold_8,7000001,397,Chr8,22139275,7500000,7250000.5,500000,500000,794,500 kb
scaffold_8,7500001,364,Chr8,22139275,8000000,7750000.5,500000,500000,728,500 kb
scaffold_8,8000001,505,Chr8,22139275,8500000,8250000.5,500000,500000,1010,500 kb
scaffold_8,8500001,330,Chr8,22139275,9000000,8750000.5,500000,500000,660,500 kb
scaffold_8,9000001,298,Chr8,22139275,9500000,9250000.5,500000,500000,596,500 kb
scaffold_8,9500001,295,Chr8,22139275,10000000,9750000.5,500000,500000,590,500 kb
scaffold_8,10000001,322,Chr8,22139275,10500000,10250000.5,500000,500000,644,500 kb
scaffold_8,10500001,278,Chr8,22139275,11000000,10750000.5,500000,500000,556,500 kb
scaffold_8,11000001,317,Chr8,22139275,11500000,11250000.5,500000,500000,634,500 kb
scaffold_8,11500001,437,Chr8,22139275,12000000,11750000.5,500000,500000,874,500 kb
scaffold_8,12000001,340,Chr8,22139275,12500000,12250000.5,500000,500000,680,500 kb
scaffold_8,12500001,350,Chr8,22139275,13000000,12750000.5,500000,500000,700,500 kb
scaffold_8,13000001,424,Chr8,22139275,13500000,13250000.5,500000,500000,848,500 kb
scaffold_8,13500001,456,Chr8,22139275,14000000,13750000.5,500000,500000,912,500 kb
scaffold_8,14000001,419,Chr8,22139275,14500000,14250000.5,500000,500000,838,500 kb
scaffold_8,14500001,407,Chr8,22139275,15000000,14750000.5,500000,500000,814,500 kb
scaffold_8,15000001,380,Chr8,22139275,15500000,15250000.5,500000,500000,760,500 kb
scaffold_8,15500001,486,Chr8,22139275,16000000,15750000.5,500000,500000,972,500 kb
scaffold_8,16000001,415,Chr8,22139275,16500000,16250000.5,500000,500000,830,500 kb
scaffold_8,16500001,501,Chr8,22139275,17000000,16750000.5,500000,500000,1002,500 kb
scaffold_8,17000001,602,Chr8,22139275,17500000,17250000.5,500000,500000,1204,500 kb
scaffold_8,17500001,725,Chr8,22139275,18000000,17750000.5,500000,500000,1450,500 kb
scaffold_8,18000001,387,Chr8,22139275,18500000,18250000.5,500000,500000,774,500 kb
scaffold_8,18500001,585,Chr8,22139275,19000000,18750000.5,500000,500000,1170,500 kb
scaffold_8,19000001,550,Chr8,22139275,19500000,19250000.5,500000,500000,1100,500 kb
scaffold_8,19500001,591,Chr8,22139275,20000000,19750000.5,500000,500000,1182,500 kb
scaffold_8,20000001,444,Chr8,22139275,20500000,20250000.5,500000,500000,888,500 kb
scaffold_8,20500001,440,Chr8,22139275,21000000,20750000.5,500000,500000,880,500 kb
scaffold_8,21000001,490,Chr8,22139275,21500000,21250000.5,500000,500000,980,500 kb
scaffold_8,21500001,472,Chr8,22139275,22000000,21750000.5,500000,500000,944,500 kb
scaffold_8,22000001,88,Chr8,22139275,22139275,22069638,139275,500000,631.8434751391133,500 kb
scaffold_9,1,401,Chr9,21681353,500000,250000.5,500000,500000,802,500 kb
scaffold_9,500001,481,Chr9,21681353,1000000,750000.5,500000,500000,962,500 kb
scaffold_9,1000001,392,Chr9,21681353,1500000,1250000.5,500000,500000,784,500 kb
scaffold_9,1500001,371,Chr9,21681353,2000000,1750000.5,500000,500000,742,500 kb
scaffold_9,2000001,639,Chr9,21681353,2500000,2250000.5,500000,500000,1278,500 kb
scaffold_9,2500001,478,Chr9,21681353,3000000,2750000.5,500000,500000,956,500 kb
scaffold_9,3000001,542,Chr9,21681353,3500000,3250000.5,500000,500000,1084,500 kb
scaffold_9,3500001,463,Chr9,21681353,4000000,3750000.5,500000,500000,926,500 kb
scaffold_9,4000001,447,Chr9,21681353,4500000,4250000.5,500000,500000,894,500 kb
scaffold_9,4500001,219,Chr9,21681353,5000000,4750000.5,500000,500000,438,500 kb
scaffold_9,5000001,77,Chr9,21681353,5500000,5250000.5,500000,500000,154,500 kb
scaffold_9,5500001,168,Chr9,21681353,6000000,5750000.5,500000,500000,336,500 kb
scaffold_9,6000001,273,Chr9,21681353,6500000,6250000.5,500000,500000,546,500 kb
scaffold_9,6500001,396,Chr9,21681353,7000000,6750000.5,500000,500000,792,500 kb
scaffold_9,7000001,332,Chr9,21681353,7500000,7250000.5,500000,500000,664,500 kb
scaffold_9,7500001,290,Chr9,21681353,8000000,7750000.5,500000,500000,580,500 kb
scaffold_9,8000001,290,Chr9,21681353,8500000,8250000.5,500000,500000,580,500 kb
scaffold_9,8500001,401,Chr9,21681353,9000000,8750000.5,500000,500000,802,500 kb
scaffold_9,9000001,189,Chr9,21681353,9500000,9250000.5,500000,500000,378,500 kb
scaffold_9,9500001,243,Chr9,21681353,10000000,9750000.5,500000,500000,486,500 kb
scaffold_9,10000001,390,Chr9,21681353,10500000,10250000.5,500000,500000,780,500 kb
scaffold_9,10500001,253,Chr9,21681353,11000000,10750000.5,500000,500000,506,500 kb
scaffold_9,11000001,282,Chr9,21681353,11500000,11250000.5,500000,500000,564,500 kb
scaffold_9,11500001,213,Chr9,21681353,12000000,11750000.5,500000,500000,426,500 kb
scaffold_9,12000001,351,Chr9,21681353,12500000,12250000.5,500000,500000,702,500 kb
scaffold_9,12500001,235,Chr9,21681353,13000000,12750000.5,500000,500000,470,500 kb
scaffold_9,13000001,458,Chr9,21681353,13500000,13250000.5,500000,500000,916,500 kb
scaffold_9,13500001,342,Chr9,21681353,14000000,13750000.5,500000,500000,684,500 kb
scaffold_9,14000001,321,Chr9,21681353,14500000,14250000.5,500000,500000,642,500 kb
scaffold_9,14500001,180,Chr9,21681353,15000000,14750000.5,500000,500000,360,500 kb
scaffold_9,15000001,221,Chr9,21681353,15500000,15250000.5,500000,500000,442,500 kb
scaffold_9,15500001,381,Chr9,21681353,16000000,15750000.5,500000,500000,762,500 kb
scaffold_9,16000001,271,Chr9,21681353,16500000,16250000.5,500000,500000,542,500 kb
scaffold_9,16500001,611,Chr9,21681353,17000000,16750000.5,500000,500000,1222,500 kb
scaffold_9,17000001,416,Chr9,21681353,17500000,17250000.5,500000,500000,832,500 kb
scaffold_9,17500001,470,Chr9,21681353,18000000,17750000.5,500000,500000,940,500 kb
scaffold_9,18000001,454,Chr9,21681353,18500000,18250000.5,500000,500000,908,500 kb
scaffold_9,18500001,334,Chr9,21681353,19000000,18750000.5,500000,500000,668,500 kb
scaffold_9,19000001,291,Chr9,21681353,19500000,19250000.5,500000,500000,582,500 kb
scaffold_9,19500001,306,Chr9,21681353,20000000,19750000.5,500000,500000,612,500 kb
scaffold_9,20000001,353,Chr9,21681353,20500000,20250000.5,500000,500000,706,500 kb
scaffold_9,20500001,310,Chr9,21681353,21000000,20750000.5,500000,500000,620,500 kb
scaffold_9,21000001,367,Chr9,21681353,21500000,21250000.5,500000,500000,734,500 kb
scaffold_9,21500001,41,Chr9,21681353,21681353,21590677,181353,500000,226.0784216417705,500 kb
scaffold_10,1,213,Chr10,21286786,500000,250000.5,500000,500000,426,500 kb
scaffold_10,500001,323,Chr10,21286786,1000000,750000.5,500000,500000,646,500 kb
scaffold_10,1000001,269,Chr10,21286786,1500000,1250000.5,500000,500000,538,500 kb
scaffold_10,1500001,309,Chr10,21286786,2000000,1750000.5,500000,500000,618,500 kb
scaffold_10,2000001,331,Chr10,21286786,2500000,2250000.5,500000,500000,662,500 kb
scaffold_10,2500001,111,Chr10,21286786,3000000,2750000.5,500000,500000,222,500 kb
scaffold_10,3000001,221,Chr10,21286786,3500000,3250000.5,500000,500000,442,500 kb
scaffold_10,3500001,274,Chr10,21286786,4000000,3750000.5,500000,500000,548,500 kb
scaffold_10,4000001,269,Chr10,21286786,4500000,4250000.5,500000,500000,538,500 kb
scaffold_10,4500001,352,Chr10,21286786,5000000,4750000.5,500000,500000,704,500 kb
scaffold_10,5000001,439,Chr10,21286786,5500000,5250000.5,500000,500000,878,500 kb
scaffold_10,5500001,641,Chr10,21286786,6000000,5750000.5,500000,500000,1282,500 kb
scaffold_10,6000001,284,Chr10,21286786,6500000,6250000.5,500000,500000,568,500 kb
scaffold_10,6500001,391,Chr10,21286786,7000000,6750000.5,500000,500000,782,500 kb
scaffold_10,7000001,309,Chr10,21286786,7500000,7250000.5,500000,500000,618,500 kb
scaffold_10,7500001,325,Chr10,21286786,8000000,7750000.5,500000,500000,650,500 kb
scaffold_10,8000001,292,Chr10,21286786,8500000,8250000.5,500000,500000,584,500 kb
scaffold_10,8500001,388,Chr10,21286786,9000000,8750000.5,500000,500000,776,500 kb
scaffold_10,9000001,341,Chr10,21286786,9500000,9250000.5,500000,500000,682,500 kb
scaffold_10,9500001,312,Chr10,21286786,10000000,9750000.5,500000,500000,624,500 kb
scaffold_10,10000001,300,Chr10,21286786,10500000,10250000.5,500000,500000,600,500 kb
scaffold_10,10500001,221,Chr10,21286786,11000000,10750000.5,500000,500000,442,500 kb
scaffold_10,11000001,283,Chr10,21286786,11500000,11250000.5,500000,500000,566,500 kb
scaffold_10,11500001,349,Chr10,21286786,12000000,11750000.5,500000,500000,698,500 kb
scaffold_10,12000001,414,Chr10,21286786,12500000,12250000.5,500000,500000,828,500 kb
scaffold_10,12500001,476,Chr10,21286786,13000000,12750000.5,500000,500000,952,500 kb
scaffold_10,13000001,417,Chr10,21286786,13500000,13250000.5,500000,500000,834,500 kb
scaffold_10,13500001,447,Chr10,21286786,14000000,13750000.5,500000,500000,894,500 kb
scaffold_10,14000001,419,Chr10,21286786,14500000,14250000.5,500000,500000,838,500 kb
scaffold_10,14500001,589,Chr10,21286786,15000000,14750000.5,500000,500000,1178,500 kb
scaffold_10,15000001,494,Chr10,21286786,15500000,15250000.5,500000,500000,988,500 kb
scaffold_10,15500001,482,Chr10,21286786,16000000,15750000.5,500000,500000,964,500 kb
scaffold_10,16000001,406,Chr10,21286786,16500000,16250000.5,500000,500000,812,500 kb
scaffold_10,16500001,474,Chr10,21286786,17000000,16750000.5,500000,500000,948,500 kb
scaffold_10,17000001,590,Chr10,21286786,17500000,17250000.5,500000,500000,1180,500 kb
scaffold_10,17500001,484,Chr10,21286786,18000000,17750000.5,500000,500000,968,500 kb
scaffold_10,18000001,492,Chr10,21286786,18500000,18250000.5,500000,500000,984,500 kb
scaffold_10,18500001,501,Chr10,21286786,19000000,18750000.5,500000,500000,1002,500 kb
scaffold_10,19000001,437,Chr10,21286786,19500000,19250000.5,500000,500000,874,500 kb
scaffold_10,19500001,606,Chr10,21286786,20000000,19750000.5,500000,500000,1212,500 kb
scaffold_10,20000001,439,Chr10,21286786,20500000,20250000.5,500000,500000,878,500 kb
scaffold_10,20500001,424,Chr10,21286786,21000000,20750000.5,500000,500000,848,500 kb
scaffold_10,21000001,284,Chr10,21286786,21286786,21143393.5,286786,500000,990.2854393171215,500 kb
scaffold_11,1,63,Chr11,19266831,500000,250000.5,500000,500000,126,500 kb
scaffold_11,500001,103,Chr11,19266831,1000000,750000.5,500000,500000,206,500 kb
scaffold_11,1000001,180,Chr11,19266831,1500000,1250000.5,500000,500000,360,500 kb
scaffold_11,1500001,276,Chr11,19266831,2000000,1750000.5,500000,500000,552,500 kb
scaffold_11,2000001,376,Chr11,19266831,2500000,2250000.5,500000,500000,752,500 kb
scaffold_11,2500001,286,Chr11,19266831,3000000,2750000.5,500000,500000,572,500 kb
scaffold_11,3000001,294,Chr11,19266831,3500000,3250000.5,500000,500000,588,500 kb
scaffold_11,3500001,261,Chr11,19266831,4000000,3750000.5,500000,500000,522,500 kb
scaffold_11,4000001,246,Chr11,19266831,4500000,4250000.5,500000,500000,492,500 kb
scaffold_11,4500001,362,Chr11,19266831,5000000,4750000.5,500000,500000,724,500 kb
scaffold_11,5000001,351,Chr11,19266831,5500000,5250000.5,500000,500000,702,500 kb
scaffold_11,5500001,236,Chr11,19266831,6000000,5750000.5,500000,500000,472,500 kb
scaffold_11,6000001,355,Chr11,19266831,6500000,6250000.5,500000,500000,710,500 kb
scaffold_11,6500001,388,Chr11,19266831,7000000,6750000.5,500000,500000,776,500 kb
scaffold_11,7000001,326,Chr11,19266831,7500000,7250000.5,500000,500000,652,500 kb
scaffold_11,7500001,338,Chr11,19266831,8000000,7750000.5,500000,500000,676,500 kb
scaffold_11,8000001,243,Chr11,19266831,8500000,8250000.5,500000,500000,486,500 kb
scaffold_11,8500001,299,Chr11,19266831,9000000,8750000.5,500000,500000,598,500 kb
scaffold_11,9000001,218,Chr11,19266831,9500000,9250000.5,500000,500000,436,500 kb
scaffold_11,9500001,346,Chr11,19266831,10000000,9750000.5,500000,500000,692,500 kb
scaffold_11,10000001,261,Chr11,19266831,10500000,10250000.5,500000,500000,522,500 kb
scaffold_11,10500001,260,Chr11,19266831,11000000,10750000.5,500000,500000,520,500 kb
scaffold_11,11000001,219,Chr11,19266831,11500000,11250000.5,500000,500000,438,500 kb
scaffold_11,11500001,470,Chr11,19266831,12000000,11750000.5,500000,500000,940,500 kb
scaffold_11,12000001,413,Chr11,19266831,12500000,12250000.5,500000,500000,826,500 kb
scaffold_11,12500001,378,Chr11,19266831,13000000,12750000.5,500000,500000,756,500 kb
scaffold_11,13000001,351,Chr11,19266831,13500000,13250000.5,500000,500000,702,500 kb
scaffold_11,13500001,483,Chr11,19266831,14000000,13750000.5,500000,500000,966,500 kb
scaffold_11,14000001,378,Chr11,19266831,14500000,14250000.5,500000,500000,756,500 kb
scaffold_11,14500001,376,Chr11,19266831,15000000,14750000.5,500000,500000,752,500 kb
scaffold_11,15000001,319,Chr11,19266831,15500000,15250000.5,500000,500000,638,500 kb
scaffold_11,15500001,457,Chr11,19266831,16000000,15750000.5,500000,500000,914,500 kb
scaffold_11,16000001,436,Chr11,19266831,16500000,16250000.5,500000,500000,872,500 kb
scaffold_11,16500001,453,Chr11,19266831,17000000,16750000.5,500000,500000,906,500 kb
scaffold_11,17000001,468,Chr11,19266831,17500000,17250000.5,500000,500000,936,500 kb
scaffold_11,17500001,599,Chr11,19266831,18000000,17750000.5,500000,500000,1198,500 kb
scaffold_11,18000001,552,Chr11,19266831,18500000,18250000.5,500000,500000,1104,500 kb
scaffold_11,18500001,471,Chr11,19266831,19000000,18750000.5,500000,500000,942,500 kb
scaffold_11,19000001,108,Chr11,19266831,19266831,19133416,266831,500000,404.7505724597217,500 kb
scaffold_12,1,402,Chr12,17831046,500000,250000.5,500000,500000,804,500 kb
scaffold_12,500001,392,Chr12,17831046,1000000,750000.5,500000,500000,784,500 kb
scaffold_12,1000001,417,Chr12,17831046,1500000,1250000.5,500000,500000,834,500 kb
scaffold_12,1500001,544,Chr12,17831046,2000000,1750000.5,500000,500000,1088,500 kb
scaffold_12,2000001,184,Chr12,17831046,2500000,2250000.5,500000,500000,368,500 kb
scaffold_12,2500001,297,Chr12,17831046,3000000,2750000.5,500000,500000,594,500 kb
scaffold_12,3000001,422,Chr12,17831046,3500000,3250000.5,500000,500000,844,500 kb
scaffold_12,3500001,421,Chr12,17831046,4000000,3750000.5,500000,500000,842,500 kb
scaffold_12,4000001,405,Chr12,17831046,4500000,4250000.5,500000,500000,810,500 kb
scaffold_12,4500001,565,Chr12,17831046,5000000,4750000.5,500000,500000,1130,500 kb
scaffold_12,5000001,352,Chr12,17831046,5500000,5250000.5,500000,500000,704,500 kb
scaffold_12,5500001,289,Chr12,17831046,6000000,5750000.5,500000,500000,578,500 kb
scaffold_12,6000001,388,Chr12,17831046,6500000,6250000.5,500000,500000,776,500 kb
scaffold_12,6500001,399,Chr12,17831046,7000000,6750000.5,500000,500000,798,500 kb
scaffold_12,7000001,374,Chr12,17831046,7500000,7250000.5,500000,500000,748,500 kb
scaffold_12,7500001,438,Chr12,17831046,8000000,7750000.5,500000,500000,876,500 kb
scaffold_12,8000001,340,Chr12,17831046,8500000,8250000.5,500000,500000,680,500 kb
scaffold_12,8500001,345,Chr12,17831046,9000000,8750000.5,500000,500000,690,500 kb
scaffold_12,9000001,333,Chr12,17831046,9500000,9250000.5,500000,500000,666,500 kb
scaffold_12,9500001,286,Chr12,17831046,10000000,9750000.5,500000,500000,572,500 kb
scaffold_12,10000001,249,Chr12,17831046,10500000,10250000.5,500000,500000,498,500 kb
scaffold_12,10500001,364,Chr12,17831046,11000000,10750000.5,500000,500000,728,500 kb
scaffold_12,11000001,247,Chr12,17831046,11500000,11250000.5,500000,500000,494,500 kb
scaffold_12,11500001,265,Chr12,17831046,12000000,11750000.5,500000,500000,530,500 kb
scaffold_12,12000001,252,Chr12,17831046,12500000,12250000.5,500000,500000,504,500 kb
scaffold_12,12500001,128,Chr12,17831046,13000000,12750000.5,500000,500000,256,500 kb
scaffold_12,13000001,168,Chr12,17831046,13500000,13250000.5,500000,500000,336,500 kb
scaffold_12,13500001,160,Chr12,17831046,14000000,13750000.5,500000,500000,320,500 kb
scaffold_12,14000001,149,Chr12,17831046,14500000,14250000.5,500000,500000,298,500 kb
scaffold_12,14500001,185,Chr12,17831046,15000000,14750000.5,500000,500000,370,500 kb
scaffold_12,15000001,179,Chr12,17831046,15500000,15250000.5,500000,500000,358,500 kb
scaffold_12,15500001,171,Chr12,17831046,16000000,15750000.5,500000,500000,342,500 kb
scaffold_12,16000001,121,Chr12,17831046,16500000,16250000.5,500000,500000,242,500 kb
scaffold_12,16500001,190,Chr12,17831046,17000000,16750000.5,500000,500000,380,500 kb
scaffold_12,17000001,155,Chr12,17831046,17500000,17250000.5,500000,500000,310,500 kb
scaffold_12,17500001,57,Chr12,17831046,17831046,17665523.5,331046,500000,172.18150951831467,500 kb
scaffold_13,1,100,Chr13,15012242,500000,250000.5,500000,500000,200,500 kb
scaffold_13,500001,432,Chr13,15012242,1000000,750000.5,500000,500000,864,500 kb
scaffold_13,1000001,282,Chr13,15012242,1500000,1250000.5,500000,500000,564,500 kb
scaffold_13,1500001,271,Chr13,15012242,2000000,1750000.5,500000,500000,542,500 kb
scaffold_13,2000001,351,Chr13,15012242,2500000,2250000.5,500000,500000,702,500 kb
scaffold_13,2500001,359,Chr13,15012242,3000000,2750000.5,500000,500000,718,500 kb
scaffold_13,3000001,335,Chr13,15012242,3500000,3250000.5,500000,500000,670,500 kb
scaffold_13,3500001,468,Chr13,15012242,4000000,3750000.5,500000,500000,936,500 kb
scaffold_13,4000001,257,Chr13,15012242,4500000,4250000.5,500000,500000,514,500 kb
scaffold_13,4500001,213,Chr13,15012242,5000000,4750000.5,500000,500000,426,500 kb
scaffold_13,5000001,379,Chr13,15012242,5500000,5250000.5,500000,500000,758,500 kb
scaffold_13,5500001,323,Chr13,15012242,6000000,5750000.5,500000,500000,646,500 kb
scaffold_13,6000001,364,Chr13,15012242,6500000,6250000.5,500000,500000,728,500 kb
scaffold_13,6500001,343,Chr13,15012242,7000000,6750000.5,500000,500000,686,500 kb
scaffold_13,7000001,316,Chr13,15012242,7500000,7250000.5,500000,500000,632,500 kb
scaffold_13,7500001,487,Chr13,15012242,8000000,7750000.5,500000,500000,974,500 kb
scaffold_13,8000001,347,Chr13,15012242,8500000,8250000.5,500000,500000,694,500 kb
scaffold_13,8500001,171,Chr13,15012242,9000000,8750000.5,500000,500000,342,500 kb
scaffold_13,9000001,289,Chr13,15012242,9500000,9250000.5,500000,500000,578,500 kb
scaffold_13,9500001,440,Chr13,15012242,10000000,9750000.5,500000,500000,880,500 kb
scaffold_13,10000001,408,Chr13,15012242,10500000,10250000.5,500000,500000,816,500 kb
scaffold_13,10500001,426,Chr13,15012242,11000000,10750000.5,500000,500000,852,500 kb
scaffold_13,11000001,523,Chr13,15012242,11500000,11250000.5,500000,500000,1046,500 kb
scaffold_13,11500001,488,Chr13,15012242,12000000,11750000.5,500000,500000,976,500 kb
scaffold_13,12000001,480,Chr13,15012242,12500000,12250000.5,500000,500000,960,500 kb
scaffold_13,12500001,562,Chr13,15012242,13000000,12750000.5,500000,500000,1124,500 kb
scaffold_13,13000001,493,Chr13,15012242,13500000,13250000.5,500000,500000,986,500 kb
scaffold_13,13500001,554,Chr13,15012242,14000000,13750000.5,500000,500000,1108,500 kb
scaffold_13,14000001,365,Chr13,15012242,14500000,14250000.5,500000,500000,730,500 kb
scaffold_13,14500001,248,Chr13,15012242,15000000,14750000.5,500000,500000,496,500 kb
scaffold_14,1,129,Chr14,9100013,500000,250000.5,500000,500000,258,500 kb
scaffold_14,500001,89,Chr14,9100013,1000000,750000.5,500000,500000,178,500 kb
scaffold_14,1000001,90,Chr14,9100013,1500000,1250000.5,500000,500000,180,500 kb
scaffold_14,1500001,87,Chr14,9100013,2000000,1750000.5,500000,500000,174,500 kb
scaffold_14,2000001,97,Chr14,9100013,2500000,2250000.5,500000,500000,194,500 kb
scaffold_14,2500001,109,Chr14,9100013,3000000,2750000.5,500000,500000,218,500 kb
scaffold_14,3000001,97,Chr14,9100013,3500000,3250000.5,500000,500000,194,500 kb
scaffold_14,3500001,130,Chr14,9100013,4000000,3750000.5,500000,500000,260,500 kb
scaffold_14,4000001,119,Chr14,9100013,4500000,4250000.5,500000,500000,238,500 kb
scaffold_14,4500001,150,Chr14,9100013,5000000,4750000.5,500000,500000,300,500 kb
scaffold_14,5000001,106,Chr14,9100013,5500000,5250000.5,500000,500000,212,500 kb
scaffold_14,5500001,83,Chr14,9100013,6000000,5750000.5,500000,500000,166,500 kb
scaffold_14,6000001,110,Chr14,9100013,6500000,6250000.5,500000,500000,220,500 kb
scaffold_14,6500001,47,Chr14,9100013,7000000,6750000.5,500000,500000,94,500 kb
scaffold_14,7000001,111,Chr14,9100013,7500000,7250000.5,500000,500000,222,500 kb
scaffold_14,7500001,93,Chr14,9100013,8000000,7750000.5,500000,500000,186,500 kb
scaffold_14,8000001,118,Chr14,9100013,8500000,8250000.5,500000,500000,236,500 kb
scaffold_14,8500001,97,Chr14,9100013,9000000,8750000.5,500000,500000,194,500 kb
scaffold_14,9000001,7,Chr14,9100013,9100013,9050007,100013,500000,69.99090118284623,500 kb
scaffold_15,1,5,Chr15,6213574,500000,250000.5,500000,500000,10,500 kb
scaffold_15,500001,82,Chr15,6213574,1000000,750000.5,500000,500000,164,500 kb
scaffold_15,1000001,76,Chr15,6213574,1500000,1250000.5,500000,500000,152,500 kb
scaffold_15,1500001,87,Chr15,6213574,2000000,1750000.5,500000,500000,174,500 kb
scaffold_15,2000001,71,Chr15,6213574,2500000,2250000.5,500000,500000,142,500 kb
scaffold_15,2500001,70,Chr15,6213574,3000000,2750000.5,500000,500000,140,500 kb
scaffold_15,3000001,57,Chr15,6213574,3500000,3250000.5,500000,500000,114,500 kb
scaffold_15,3500001,72,Chr15,6213574,4000000,3750000.5,500000,500000,144,500 kb
scaffold_15,4000001,90,Chr15,6213574,4500000,4250000.5,500000,500000,180,500 kb
scaffold_15,4500001,82,Chr15,6213574,5000000,4750000.5,500000,500000,164,500 kb
scaffold_15,5000001,69,Chr15,6213574,5500000,5250000.5,500000,500000,138,500 kb
scaffold_15,5500001,50,Chr15,6213574,6000000,5750000.5,500000,500000,100,500 kb
scaffold_15,6000001,11,Chr15,6213574,6213574,6106787.5,213574,500000,51.50439660258271,500 kb
scaffold_16,1,123,Chr16,2846023,500000,250000.5,500000,500000,246,500 kb
scaffold_16,500001,260,Chr16,2846023,1000000,750000.5,500000,500000,520,500 kb
scaffold_16,1000001,270,Chr16,2846023,1500000,1250000.5,500000,500000,540,500 kb
scaffold_16,1500001,341,Chr16,2846023,2000000,1750000.5,500000,500000,682,500 kb
scaffold_16,2000001,287,Chr16,2846023,2500000,2250000.5,500000,500000,574,500 kb
scaffold_16,2500001,95,Chr16,2846023,2846023,2673012,346023,500000,274.54822367299283,500 kb
scaffold_17,1,50,Chr17,2695941,500000,250000.5,500000,500000,100,500 kb
scaffold_17,500001,116,Chr17,2695941,1000000,750000.5,500000,500000,232,500 kb
scaffold_17,1000001,100,Chr17,2695941,1500000,1250000.5,500000,500000,200,500 kb
scaffold_17,1500001,63,Chr17,2695941,2000000,1750000.5,500000,500000,126,500 kb
scaffold_17,2000001,65,Chr17,2695941,2500000,2250000.5,500000,500000,130,500 kb
scaffold_17,2500001,17,Chr17,2695941,2695941,2597971,195941,500000,86.76081065218611,500 kb
scaffold_18,1,81,Chr18,1965232,500000,250000.5,500000,500000,162,500 kb
scaffold_18,500001,83,Chr18,1965232,1000000,750000.5,500000,500000,166,500 kb
scaffold_18,1000001,52,Chr18,1965232,1500000,1250000.5,500000,500000,104,500 kb
scaffold_18,1500001,39,Chr18,1965232,1965232,1732616.5,465232,500000,83.82914330914468,500 kb
scaffold_13,15000001,0,Chr13,15012242,15012242,15006121.5,12242,500000,0,500 kb
